<?xml version="1.0" encoding="UTF-8"?>
<office:document-styles xmlns:office="urn:oasis:names:tc:opendocument:xmlns:office:1.0" xmlns:style="urn:oasis:names:tc:opendocument:xmlns:style:1.0" xmlns:text="urn:oasis:names:tc:opendocument:xmlns:text:1.0" xmlns:table="urn:oasis:names:tc:opendocument:xmlns:table:1.0" xmlns:draw="urn:oasis:names:tc:opendocument:xmlns:drawing:1.0" xmlns:fo="urn:oasis:names:tc:opendocument:xmlns:xsl-fo-compatible:1.0" xmlns:xlink="http://www.w3.org/1999/xlink" xmlns:dc="http://purl.org/dc/elements/1.1/" xmlns:meta="urn:oasis:names:tc:opendocument:xmlns:meta:1.0" xmlns:number="urn:oasis:names:tc:opendocument:xmlns:datastyle:1.0" xmlns:presentation="urn:oasis:names:tc:opendocument:xmlns:presentation:1.0" xmlns:svg="urn:oasis:names:tc:opendocument:xmlns:svg-compatible:1.0" xmlns:chart="urn:oasis:names:tc:opendocument:xmlns:chart:1.0" xmlns:dr3d="urn:oasis:names:tc:opendocument:xmlns:dr3d:1.0" xmlns:math="http://www.w3.org/1998/Math/MathML" xmlns:form="urn:oasis:names:tc:opendocument:xmlns:form:1.0" xmlns:script="urn:oasis:names:tc:opendocument:xmlns:script:1.0" xmlns:ooo="http://openoffice.org/2004/office" xmlns:ooow="http://openoffice.org/2004/writer" xmlns:oooc="http://openoffice.org/2004/calc" xmlns:dom="http://www.w3.org/2001/xml-events" xmlns:smil="urn:oasis:names:tc:opendocument:xmlns:smil-compatible:1.0" xmlns:anim="urn:oasis:names:tc:opendocument:xmlns:animation:1.0" office:version="1.0"><office:styles><draw:gradient draw:name="Gradient_20_1" draw:display-name="Gradient 1" draw:style="linear" draw:start-color="#000000" draw:end-color="#ffffff" draw:start-intensity="100%" draw:end-intensity="100%" draw:angle="0" draw:border="0%"/><draw:opacity draw:name="Transparency_20_1" draw:display-name="Transparency 1" draw:style="linear" draw:start="100%" draw:end="0%" draw:angle="0" draw:border="0%"/><draw:opacity draw:name="Transparency_20_2" draw:display-name="Transparency 2" draw:style="linear" draw:start="100%" draw:end="0%" draw:angle="2700" draw:border="0%"/><draw:opacity draw:name="Transparency_20_3" draw:display-name="Transparency 3" draw:style="linear" draw:start="100%" draw:end="0%" draw:angle="1800" draw:border="0%"/><draw:opacity draw:name="Transparency_20_4" draw:display-name="Transparency 4" draw:style="linear" draw:start="100%" draw:end="0%" draw:angle="900" draw:border="0%"/><draw:marker draw:name="Arrow" svg:viewBox="0 0 20 30" svg:d="m10 0-10 30h20z"/><style:default-style style:family="graphic"><style:paragraph-properties style:text-autospace="ideograph-alpha" style:punctuation-wrap="simple" style:line-break="strict" style:writing-mode="lr-tb" style:font-independent-line-spacing="false"><style:tab-stops/></style:paragraph-properties><style:text-properties style:use-window-font-color="true" fo:font-family="&apos;Times New Roman&apos;" style:font-family-generic="roman" style:font-pitch="variable" fo:font-size="24pt" fo:language="en" fo:country="US" style:font-family-asian="&apos;Lucida Sans Unicode&apos;" style:font-family-generic-asian="system" style:font-pitch-asian="variable" style:font-size-asian="24pt" style:language-asian="zxx" style:country-asian="none" style:font-family-complex="Tahoma" style:font-family-generic-complex="system" style:font-pitch-complex="variable" style:font-size-complex="24pt" style:language-complex="zxx" style:country-complex="none"/></style:default-style><style:style style:name="standard" style:family="graphic"><style:graphic-properties draw:stroke="solid" svg:stroke-width="0cm" svg:stroke-color="#000000" draw:marker-start-width="0.3cm" draw:marker-start-center="false" draw:marker-end-width="0.3cm" draw:marker-end-center="false" draw:fill="solid" draw:fill-color="#99ccff" fo:padding-top="0.125cm" fo:padding-bottom="0.125cm" fo:padding-left="0.25cm" fo:padding-right="0.25cm" draw:shadow="hidden" draw:shadow-offset-x="0.3cm" draw:shadow-offset-y="0.3cm" draw:shadow-color="#808080"><text:list-style style:name="standard"><text:list-level-style-bullet text:level="1" text:bullet-char="●"><style:text-properties fo:font-family="StarSymbol" style:use-window-font-color="true" fo:font-size="45%"/></text:list-level-style-bullet><text:list-level-style-bullet text:level="2" text:bullet-char="●"><style:list-level-properties text:space-before="0.6cm" text:min-label-width="0.6cm"/><style:text-properties fo:font-family="StarSymbol" style:use-window-font-color="true" fo:font-size="45%"/></text:list-level-style-bullet><text:list-level-style-bullet text:level="3" text:bullet-char="●"><style:list-level-properties text:space-before="1.2cm" text:min-label-width="0.6cm"/><style:text-properties fo:font-family="StarSymbol" style:use-window-font-color="true" fo:font-size="45%"/></text:list-level-style-bullet><text:list-level-style-bullet text:level="4" text:bullet-char="●"><style:list-level-properties text:space-before="1.8cm" text:min-label-width="0.6cm"/><style:text-properties fo:font-family="StarSymbol" style:use-window-font-color="true" fo:font-size="45%"/></text:list-level-style-bullet><text:list-level-style-bullet text:level="5" text:bullet-char="●"><style:list-level-properties text:space-before="2.4cm" text:min-label-width="0.6cm"/><style:text-properties fo:font-family="StarSymbol" style:use-window-font-color="true" fo:font-size="45%"/></text:list-level-style-bullet><text:list-level-style-bullet text:level="6" text:bullet-char="●"><style:list-level-properties text:space-before="3cm" text:min-label-width="0.6cm"/><style:text-properties fo:font-family="StarSymbol" style:use-window-font-color="true" fo:font-size="45%"/></text:list-level-style-bullet><text:list-level-style-bullet text:level="7" text:bullet-char="●"><style:list-level-properties text:space-before="3.6cm" text:min-label-width="0.6cm"/><style:text-properties fo:font-family="StarSymbol" style:use-window-font-color="true" fo:font-size="45%"/></text:list-level-style-bullet><text:list-level-style-bullet text:level="8" text:bullet-char="●"><style:list-level-properties text:space-before="4.2cm" text:min-label-width="0.6cm"/><style:text-properties fo:font-family="StarSymbol" style:use-window-font-color="true" fo:font-size="45%"/></text:list-level-style-bullet><text:list-level-style-bullet text:level="9" text:bullet-char="●"><style:list-level-properties text:space-before="4.8cm" text:min-label-width="0.6cm"/><style:text-properties fo:font-family="StarSymbol" style:use-window-font-color="true" fo:font-size="45%"/></text:list-level-style-bullet><text:list-level-style-bullet text:level="10" text:bullet-char="●"><style:list-level-properties text:space-before="5.4cm" text:min-label-width="0.6cm"/><style:text-properties fo:font-family="StarSymbol" style:use-window-font-color="true" fo:font-size="45%"/></text:list-level-style-bullet></text:list-style></style:graphic-properties><style:paragraph-properties fo:margin-left="0cm" fo:margin-right="0cm" fo:margin-top="0cm" fo:margin-bottom="0cm" fo:line-height="100%" text:enable-numbering="false" fo:text-indent="0cm"/><style:text-properties style:use-window-font-color="true" style:text-outline="false" style:text-line-through-style="none" fo:font-family="Arial" style:font-family-generic="roman" style:font-pitch="variable" fo:font-size="18pt" fo:font-style="normal" fo:text-shadow="none" style:text-underline-style="none" fo:font-weight="normal" style:letter-kerning="true" style:font-family-asian="&apos;MS Gothic&apos;" style:font-family-generic-asian="system" style:font-pitch-asian="variable" style:font-size-asian="18pt" style:font-style-asian="normal" style:font-weight-asian="normal" style:font-family-complex="Tahoma" style:font-family-generic-complex="system" style:font-pitch-complex="variable" style:font-size-complex="18pt" style:font-style-complex="normal" style:font-weight-complex="normal" style:text-emphasize="none" style:font-relief="none"/></style:style><style:style style:name="objectwitharrow" style:family="graphic" style:parent-style-name="standard"><style:graphic-properties draw:stroke="solid" svg:stroke-width="0.15cm" svg:stroke-color="#000000" draw:marker-start="Arrow" draw:marker-start-width="0.7cm" draw:marker-start-center="true" draw:marker-end-width="0.3cm"/></style:style><style:style style:name="objectwithshadow" style:family="graphic" style:parent-style-name="standard"><style:graphic-properties draw:shadow="visible" draw:shadow-offset-x="0.3cm" draw:shadow-offset-y="0.3cm" draw:shadow-color="#808080"/></style:style><style:style style:name="objectwithoutfill" style:family="graphic" style:parent-style-name="standard"><style:graphic-properties draw:fill="none"/></style:style><style:style style:name="text" style:family="graphic" style:parent-style-name="standard"><style:graphic-properties draw:stroke="none" draw:fill="none"/></style:style><style:style style:name="textbody" style:family="graphic" style:parent-style-name="standard"><style:graphic-properties draw:stroke="none" draw:fill="none"/><style:text-properties fo:font-size="16pt"/></style:style><style:style style:name="textbodyjustfied" style:family="graphic" style:parent-style-name="standard"><style:graphic-properties draw:stroke="none" draw:fill="none"/><style:paragraph-properties fo:text-align="justify"/></style:style><style:style style:name="textbodyindent" style:family="graphic" style:parent-style-name="standard"><style:graphic-properties draw:stroke="none" draw:fill="none"><text:list-style style:name="textbodyindent"><text:list-level-style-bullet text:level="1" text:bullet-char="●"><style:list-level-properties text:space-before="0.6cm"/><style:text-properties fo:font-family="StarSymbol" style:use-window-font-color="true" fo:font-size="45%"/></text:list-level-style-bullet><text:list-level-style-bullet text:level="2" text:bullet-char="●"><style:list-level-properties text:space-before="0.6cm" text:min-label-width="0.6cm"/><style:text-properties fo:font-family="StarSymbol" style:use-window-font-color="true" fo:font-size="45%"/></text:list-level-style-bullet><text:list-level-style-bullet text:level="3" text:bullet-char="●"><style:list-level-properties text:space-before="1.2cm" text:min-label-width="0.6cm"/><style:text-properties fo:font-family="StarSymbol" style:use-window-font-color="true" fo:font-size="45%"/></text:list-level-style-bullet><text:list-level-style-bullet text:level="4" text:bullet-char="●"><style:list-level-properties text:space-before="1.8cm" text:min-label-width="0.6cm"/><style:text-properties fo:font-family="StarSymbol" style:use-window-font-color="true" fo:font-size="45%"/></text:list-level-style-bullet><text:list-level-style-bullet text:level="5" text:bullet-char="●"><style:list-level-properties text:space-before="2.4cm" text:min-label-width="0.6cm"/><style:text-properties fo:font-family="StarSymbol" style:use-window-font-color="true" fo:font-size="45%"/></text:list-level-style-bullet><text:list-level-style-bullet text:level="6" text:bullet-char="●"><style:list-level-properties text:space-before="3cm" text:min-label-width="0.6cm"/><style:text-properties fo:font-family="StarSymbol" style:use-window-font-color="true" fo:font-size="45%"/></text:list-level-style-bullet><text:list-level-style-bullet text:level="7" text:bullet-char="●"><style:list-level-properties text:space-before="3.6cm" text:min-label-width="0.6cm"/><style:text-properties fo:font-family="StarSymbol" style:use-window-font-color="true" fo:font-size="45%"/></text:list-level-style-bullet><text:list-level-style-bullet text:level="8" text:bullet-char="●"><style:list-level-properties text:space-before="4.2cm" text:min-label-width="0.6cm"/><style:text-properties fo:font-family="StarSymbol" style:use-window-font-color="true" fo:font-size="45%"/></text:list-level-style-bullet><text:list-level-style-bullet text:level="9" text:bullet-char="●"><style:list-level-properties text:space-before="4.8cm" text:min-label-width="0.6cm"/><style:text-properties fo:font-family="StarSymbol" style:use-window-font-color="true" fo:font-size="45%"/></text:list-level-style-bullet><text:list-level-style-bullet text:level="10" text:bullet-char="●"><style:list-level-properties text:space-before="5.4cm" text:min-label-width="0.6cm"/><style:text-properties fo:font-family="StarSymbol" style:use-window-font-color="true" fo:font-size="45%"/></text:list-level-style-bullet></text:list-style></style:graphic-properties><style:paragraph-properties fo:margin-left="0cm" fo:margin-right="0cm" fo:text-indent="0.6cm"/></style:style><style:style style:name="title" style:family="graphic" style:parent-style-name="standard"><style:graphic-properties draw:stroke="none" draw:fill="none"/><style:text-properties fo:font-size="44pt"/></style:style><style:style style:name="title1" style:family="graphic" style:parent-style-name="standard"><style:graphic-properties draw:stroke="none" draw:fill="solid" draw:fill-color="#008080" draw:shadow="visible" draw:shadow-offset-x="0.2cm" draw:shadow-offset-y="0.2cm" draw:shadow-color="#808080"/><style:paragraph-properties fo:text-align="center"/><style:text-properties fo:font-size="24pt"/></style:style><style:style style:name="title2" style:family="graphic" style:parent-style-name="standard"><style:graphic-properties svg:stroke-width="0.05cm" draw:fill-color="#ffcc99" draw:shadow="visible" draw:shadow-offset-x="0.2cm" draw:shadow-offset-y="0.2cm" draw:shadow-color="#808080"><text:list-style style:name="title2"><text:list-level-style-bullet text:level="1" text:bullet-char="●"><style:list-level-properties text:space-before="0.2cm"/><style:text-properties fo:font-family="StarSymbol" style:use-window-font-color="true" fo:font-size="45%"/></text:list-level-style-bullet><text:list-level-style-bullet text:level="2" text:bullet-char="●"><style:list-level-properties text:space-before="0.6cm" text:min-label-width="0.6cm"/><style:text-properties fo:font-family="StarSymbol" style:use-window-font-color="true" fo:font-size="45%"/></text:list-level-style-bullet><text:list-level-style-bullet text:level="3" text:bullet-char="●"><style:list-level-properties text:space-before="1.2cm" text:min-label-width="0.6cm"/><style:text-properties fo:font-family="StarSymbol" style:use-window-font-color="true" fo:font-size="45%"/></text:list-level-style-bullet><text:list-level-style-bullet text:level="4" text:bullet-char="●"><style:list-level-properties text:space-before="1.8cm" text:min-label-width="0.6cm"/><style:text-properties fo:font-family="StarSymbol" style:use-window-font-color="true" fo:font-size="45%"/></text:list-level-style-bullet><text:list-level-style-bullet text:level="5" text:bullet-char="●"><style:list-level-properties text:space-before="2.4cm" text:min-label-width="0.6cm"/><style:text-properties fo:font-family="StarSymbol" style:use-window-font-color="true" fo:font-size="45%"/></text:list-level-style-bullet><text:list-level-style-bullet text:level="6" text:bullet-char="●"><style:list-level-properties text:space-before="3cm" text:min-label-width="0.6cm"/><style:text-properties fo:font-family="StarSymbol" style:use-window-font-color="true" fo:font-size="45%"/></text:list-level-style-bullet><text:list-level-style-bullet text:level="7" text:bullet-char="●"><style:list-level-properties text:space-before="3.6cm" text:min-label-width="0.6cm"/><style:text-properties fo:font-family="StarSymbol" style:use-window-font-color="true" fo:font-size="45%"/></text:list-level-style-bullet><text:list-level-style-bullet text:level="8" text:bullet-char="●"><style:list-level-properties text:space-before="4.2cm" text:min-label-width="0.6cm"/><style:text-properties fo:font-family="StarSymbol" style:use-window-font-color="true" fo:font-size="45%"/></text:list-level-style-bullet><text:list-level-style-bullet text:level="9" text:bullet-char="●"><style:list-level-properties text:space-before="4.8cm" text:min-label-width="0.6cm"/><style:text-properties fo:font-family="StarSymbol" style:use-window-font-color="true" fo:font-size="45%"/></text:list-level-style-bullet><text:list-level-style-bullet text:level="10" text:bullet-char="●"><style:list-level-properties text:space-before="5.4cm" text:min-label-width="0.6cm"/><style:text-properties fo:font-family="StarSymbol" style:use-window-font-color="true" fo:font-size="45%"/></text:list-level-style-bullet></text:list-style></style:graphic-properties><style:paragraph-properties fo:margin-left="0.2cm" fo:margin-right="0.2cm" fo:margin-top="0.1cm" fo:margin-bottom="0.1cm" fo:text-align="center" fo:text-indent="0cm"/><style:text-properties fo:font-size="36pt"/></style:style><style:style style:name="headline" style:family="graphic" style:parent-style-name="standard"><style:graphic-properties draw:stroke="none" draw:fill="none"/><style:paragraph-properties fo:margin-top="0.42cm" fo:margin-bottom="0.21cm"/><style:text-properties fo:font-size="24pt"/></style:style><style:style style:name="headline1" style:family="graphic" style:parent-style-name="standard"><style:graphic-properties draw:stroke="none" draw:fill="none"/><style:paragraph-properties fo:margin-top="0.42cm" fo:margin-bottom="0.21cm"/><style:text-properties fo:font-size="18pt" fo:font-weight="bold"/></style:style><style:style style:name="headline2" style:family="graphic" style:parent-style-name="standard"><style:graphic-properties draw:stroke="none" draw:fill="none"/><style:paragraph-properties fo:margin-top="0.42cm" fo:margin-bottom="0.21cm"/><style:text-properties fo:font-size="14pt" fo:font-style="italic" fo:font-weight="bold"/></style:style><style:style style:name="measure" style:family="graphic" style:parent-style-name="standard"><style:graphic-properties draw:stroke="solid" draw:marker-start="Arrow" draw:marker-start-width="0.2cm" draw:marker-end="Arrow" draw:marker-end-width="0.2cm" draw:fill="none" draw:show-unit="true"/><style:text-properties fo:font-size="12pt"/></style:style><style:style style:name="Default-title" style:family="presentation"><style:graphic-properties draw:stroke="none" draw:fill="none" draw:textarea-horizontal-align="center" draw:textarea-vertical-align="middle"><text:list-style style:name="Default-title"><text:list-level-style-bullet text:level="1" text:bullet-char="●"><style:text-properties fo:font-family="StarSymbol" style:use-window-font-color="true" fo:font-size="45%"/></text:list-level-style-bullet><text:list-level-style-bullet text:level="2" text:bullet-char="●"><style:list-level-properties text:space-before="0.6cm" text:min-label-width="0.6cm"/><style:text-properties fo:font-family="StarSymbol" style:use-window-font-color="true" fo:font-size="45%"/></text:list-level-style-bullet><text:list-level-style-bullet text:level="3" text:bullet-char="●"><style:list-level-properties text:space-before="1.2cm" text:min-label-width="0.6cm"/><style:text-properties fo:font-family="StarSymbol" style:use-window-font-color="true" fo:font-size="45%"/></text:list-level-style-bullet><text:list-level-style-bullet text:level="4" text:bullet-char="●"><style:list-level-properties text:space-before="1.8cm" text:min-label-width="0.6cm"/><style:text-properties fo:font-family="StarSymbol" style:use-window-font-color="true" fo:font-size="45%"/></text:list-level-style-bullet><text:list-level-style-bullet text:level="5" text:bullet-char="●"><style:list-level-properties text:space-before="2.4cm" text:min-label-width="0.6cm"/><style:text-properties fo:font-family="StarSymbol" style:use-window-font-color="true" fo:font-size="45%"/></text:list-level-style-bullet><text:list-level-style-bullet text:level="6" text:bullet-char="●"><style:list-level-properties text:space-before="3cm" text:min-label-width="0.6cm"/><style:text-properties fo:font-family="StarSymbol" style:use-window-font-color="true" fo:font-size="45%"/></text:list-level-style-bullet><text:list-level-style-bullet text:level="7" text:bullet-char="●"><style:list-level-properties text:space-before="3.6cm" text:min-label-width="0.6cm"/><style:text-properties fo:font-family="StarSymbol" style:use-window-font-color="true" fo:font-size="45%"/></text:list-level-style-bullet><text:list-level-style-bullet text:level="8" text:bullet-char="●"><style:list-level-properties text:space-before="4.2cm" text:min-label-width="0.6cm"/><style:text-properties fo:font-family="StarSymbol" style:use-window-font-color="true" fo:font-size="45%"/></text:list-level-style-bullet><text:list-level-style-bullet text:level="9" text:bullet-char="●"><style:list-level-properties text:space-before="4.8cm" text:min-label-width="0.6cm"/><style:text-properties fo:font-family="StarSymbol" style:use-window-font-color="true" fo:font-size="45%"/></text:list-level-style-bullet></text:list-style></style:graphic-properties><style:paragraph-properties fo:text-align="center" text:enable-numbering="false"/><style:text-properties style:use-window-font-color="true" style:text-outline="false" style:text-line-through-style="none" fo:font-family="&apos;Lucida Sans Unicode&apos;" style:font-family-generic="swiss" style:font-pitch="variable" fo:font-size="26pt" fo:font-style="normal" fo:text-shadow="none" style:text-underline-style="none" fo:font-weight="bold" style:letter-kerning="true" style:font-family-asian="&apos;MS Gothic&apos;" style:font-family-generic-asian="system" style:font-pitch-asian="variable" style:font-size-asian="44pt" style:font-style-asian="normal" style:font-weight-asian="normal" style:font-family-complex="Tahoma" style:font-family-generic-complex="system" style:font-pitch-complex="variable" style:font-size-complex="44pt" style:font-style-complex="normal" style:font-weight-complex="normal" style:text-emphasize="none" style:font-relief="none"/></style:style><style:style style:name="Default-subtitle" style:family="presentation"><style:graphic-properties draw:stroke="none" draw:fill="none" draw:textarea-vertical-align="middle"><text:list-style style:name="Default-subtitle"><text:list-level-style-bullet text:level="1" text:bullet-char="●"><style:text-properties fo:font-family="StarSymbol" style:use-window-font-color="true" fo:font-size="45%"/></text:list-level-style-bullet><text:list-level-style-bullet text:level="2" text:bullet-char="●"><style:list-level-properties text:space-before="0.6cm" text:min-label-width="0.6cm"/><style:text-properties fo:font-family="StarSymbol" style:use-window-font-color="true" fo:font-size="45%"/></text:list-level-style-bullet><text:list-level-style-bullet text:level="3" text:bullet-char="●"><style:list-level-properties text:space-before="1.2cm" text:min-label-width="0.6cm"/><style:text-properties fo:font-family="StarSymbol" style:use-window-font-color="true" fo:font-size="45%"/></text:list-level-style-bullet><text:list-level-style-bullet text:level="4" text:bullet-char="●"><style:list-level-properties text:space-before="1.8cm" text:min-label-width="0.6cm"/><style:text-properties fo:font-family="StarSymbol" style:use-window-font-color="true" fo:font-size="45%"/></text:list-level-style-bullet><text:list-level-style-bullet text:level="5" text:bullet-char="●"><style:list-level-properties text:space-before="2.4cm" text:min-label-width="0.6cm"/><style:text-properties fo:font-family="StarSymbol" style:use-window-font-color="true" fo:font-size="45%"/></text:list-level-style-bullet><text:list-level-style-bullet text:level="6" text:bullet-char="●"><style:list-level-properties text:space-before="3cm" text:min-label-width="0.6cm"/><style:text-properties fo:font-family="StarSymbol" style:use-window-font-color="true" fo:font-size="45%"/></text:list-level-style-bullet><text:list-level-style-bullet text:level="7" text:bullet-char="●"><style:list-level-properties text:space-before="3.6cm" text:min-label-width="0.6cm"/><style:text-properties fo:font-family="StarSymbol" style:use-window-font-color="true" fo:font-size="45%"/></text:list-level-style-bullet><text:list-level-style-bullet text:level="8" text:bullet-char="●"><style:list-level-properties text:space-before="4.2cm" text:min-label-width="0.6cm"/><style:text-properties fo:font-family="StarSymbol" style:use-window-font-color="true" fo:font-size="45%"/></text:list-level-style-bullet><text:list-level-style-bullet text:level="9" text:bullet-char="●"><style:list-level-properties text:space-before="4.8cm" text:min-label-width="0.6cm"/><style:text-properties fo:font-family="StarSymbol" style:use-window-font-color="true" fo:font-size="45%"/></text:list-level-style-bullet></text:list-style></style:graphic-properties><style:paragraph-properties fo:margin-left="0cm" fo:margin-right="0cm" fo:text-align="center" text:enable-numbering="false" fo:text-indent="-0.6cm"/><style:text-properties style:use-window-font-color="true" style:text-outline="false" style:text-line-through-style="none" fo:font-family="Arial" style:font-family-generic="roman" style:font-pitch="variable" fo:font-size="32pt" fo:font-style="normal" fo:text-shadow="none" style:text-underline-style="none" fo:font-weight="normal" style:letter-kerning="true" style:font-family-asian="&apos;MS Gothic&apos;" style:font-family-generic-asian="system" style:font-pitch-asian="variable" style:font-size-asian="32pt" style:font-style-asian="normal" style:font-weight-asian="normal" style:font-family-complex="Tahoma" style:font-family-generic-complex="system" style:font-pitch-complex="variable" style:font-size-complex="32pt" style:font-style-complex="normal" style:font-weight-complex="normal" style:text-emphasize="none" style:font-relief="none"/></style:style><style:style style:name="Default-background" style:family="presentation"><style:graphic-properties draw:stroke="none" draw:fill="solid" draw:fill-color="#000000" draw:fill-image-width="0cm" draw:fill-image-height="0cm"/><style:text-properties style:letter-kerning="true"/></style:style><style:style style:name="Default-backgroundobjects" style:family="presentation"><style:graphic-properties draw:shadow="hidden" draw:shadow-offset-x="0.3cm" draw:shadow-offset-y="0.3cm" draw:shadow-color="#808080"/><style:text-properties style:letter-kerning="true"/></style:style><style:style style:name="Default-notes" style:family="presentation"><style:graphic-properties draw:stroke="none" draw:fill="none"><text:list-style style:name="Default-notes"><text:list-level-style-bullet text:level="1" text:bullet-char="●"><style:list-level-properties text:min-label-width="0.6cm"/><style:text-properties fo:font-family="StarSymbol" style:use-window-font-color="true" fo:font-size="45%"/></text:list-level-style-bullet><text:list-level-style-bullet text:level="2" text:bullet-char="●"><style:list-level-properties text:space-before="0.6cm" text:min-label-width="0.6cm"/><style:text-properties fo:font-family="StarSymbol" style:use-window-font-color="true" fo:font-size="45%"/></text:list-level-style-bullet><text:list-level-style-bullet text:level="3" text:bullet-char="●"><style:list-level-properties text:space-before="1.2cm" text:min-label-width="0.6cm"/><style:text-properties fo:font-family="StarSymbol" style:use-window-font-color="true" fo:font-size="45%"/></text:list-level-style-bullet><text:list-level-style-bullet text:level="4" text:bullet-char="●"><style:list-level-properties text:space-before="1.8cm" text:min-label-width="0.6cm"/><style:text-properties fo:font-family="StarSymbol" style:use-window-font-color="true" fo:font-size="45%"/></text:list-level-style-bullet><text:list-level-style-bullet text:level="5" text:bullet-char="●"><style:list-level-properties text:space-before="2.4cm" text:min-label-width="0.6cm"/><style:text-properties fo:font-family="StarSymbol" style:use-window-font-color="true" fo:font-size="45%"/></text:list-level-style-bullet><text:list-level-style-bullet text:level="6" text:bullet-char="●"><style:list-level-properties text:space-before="3cm" text:min-label-width="0.6cm"/><style:text-properties fo:font-family="StarSymbol" style:use-window-font-color="true" fo:font-size="45%"/></text:list-level-style-bullet><text:list-level-style-bullet text:level="7" text:bullet-char="●"><style:list-level-properties text:space-before="3.6cm" text:min-label-width="0.6cm"/><style:text-properties fo:font-family="StarSymbol" style:use-window-font-color="true" fo:font-size="45%"/></text:list-level-style-bullet><text:list-level-style-bullet text:level="8" text:bullet-char="●"><style:list-level-properties text:space-before="4.2cm" text:min-label-width="0.6cm"/><style:text-properties fo:font-family="StarSymbol" style:use-window-font-color="true" fo:font-size="45%"/></text:list-level-style-bullet><text:list-level-style-bullet text:level="9" text:bullet-char="●"><style:list-level-properties text:space-before="4.8cm" text:min-label-width="0.6cm"/><style:text-properties fo:font-family="StarSymbol" style:use-window-font-color="true" fo:font-size="45%"/></text:list-level-style-bullet><text:list-level-style-bullet text:level="10" text:bullet-char="●"><style:list-level-properties text:space-before="5.4cm" text:min-label-width="0.6cm"/><style:text-properties fo:font-family="StarSymbol" style:use-window-font-color="true" fo:font-size="45%"/></text:list-level-style-bullet></text:list-style></style:graphic-properties><style:paragraph-properties fo:margin-left="0.6cm" fo:margin-right="0cm" text:enable-numbering="false" fo:text-indent="-0.6cm"/><style:text-properties style:use-window-font-color="true" style:text-outline="false" style:text-line-through-style="none" fo:font-family="Arial" style:font-family-generic="roman" style:font-pitch="variable" fo:font-size="20pt" fo:font-style="normal" fo:text-shadow="none" style:text-underline-style="none" fo:font-weight="normal" style:letter-kerning="true" style:font-family-asian="&apos;MS Gothic&apos;" style:font-family-generic-asian="system" style:font-pitch-asian="variable" style:font-size-asian="20pt" style:font-style-asian="normal" style:font-weight-asian="normal" style:font-family-complex="Tahoma" style:font-family-generic-complex="system" style:font-pitch-complex="variable" style:font-size-complex="20pt" style:font-style-complex="normal" style:font-weight-complex="normal" style:text-emphasize="none" style:font-relief="none"/></style:style><style:style style:name="Default-outline1" style:family="presentation"><style:graphic-properties draw:stroke="none" draw:fill="none"><text:list-style style:name="Default-outline1"><text:list-level-style-bullet text:level="1" text:bullet-char="●"><style:list-level-properties text:space-before="0.3cm" text:min-label-width="0.9cm"/><style:text-properties fo:font-family="StarSymbol" style:use-window-font-color="true" fo:font-size="45%"/></text:list-level-style-bullet><text:list-level-style-bullet text:level="2" text:bullet-char="–"><style:list-level-properties text:space-before="1.6cm" text:min-label-width="0.8cm"/><style:text-properties fo:font-family="StarSymbol" style:use-window-font-color="true" fo:font-size="75%"/></text:list-level-style-bullet><text:list-level-style-bullet text:level="3" text:bullet-char="●"><style:list-level-properties text:space-before="3cm" text:min-label-width="0.6cm"/><style:text-properties fo:font-family="StarSymbol" style:use-window-font-color="true" fo:font-size="45%"/></text:list-level-style-bullet><text:list-level-style-bullet text:level="4" text:bullet-char="–"><style:list-level-properties text:space-before="4.2cm" text:min-label-width="0.6cm"/><style:text-properties fo:font-family="StarSymbol" style:use-window-font-color="true" fo:font-size="75%"/></text:list-level-style-bullet><text:list-level-style-bullet text:level="5" text:bullet-char="●"><style:list-level-properties text:space-before="5.4cm" text:min-label-width="0.6cm"/><style:text-properties fo:font-family="StarSymbol" style:use-window-font-color="true" fo:font-size="45%"/></text:list-level-style-bullet><text:list-level-style-bullet text:level="6" text:bullet-char="●"><style:list-level-properties text:space-before="6.6cm" text:min-label-width="0.6cm"/><style:text-properties fo:font-family="StarSymbol" style:use-window-font-color="true" fo:font-size="45%"/></text:list-level-style-bullet><text:list-level-style-bullet text:level="7" text:bullet-char="●"><style:list-level-properties text:space-before="7.8cm" text:min-label-width="0.6cm"/><style:text-properties fo:font-family="StarSymbol" style:use-window-font-color="true" fo:font-size="45%"/></text:list-level-style-bullet><text:list-level-style-bullet text:level="8" text:bullet-char="●"><style:list-level-properties text:space-before="9cm" text:min-label-width="0.6cm"/><style:text-properties fo:font-family="StarSymbol" style:use-window-font-color="true" fo:font-size="45%"/></text:list-level-style-bullet><text:list-level-style-bullet text:level="9" text:bullet-char="●"><style:list-level-properties text:space-before="10.2cm" text:min-label-width="0.6cm"/><style:text-properties fo:font-family="StarSymbol" style:use-window-font-color="true" fo:font-size="45%"/></text:list-level-style-bullet></text:list-style></style:graphic-properties><style:paragraph-properties fo:margin-left="1.2cm" fo:margin-right="0cm" fo:margin-top="0cm" fo:margin-bottom="0.5cm" text:enable-numbering="true" fo:text-indent="-0.9cm"/><style:text-properties style:use-window-font-color="true" style:text-outline="false" style:text-line-through-style="none" fo:font-family="Arial" style:font-family-generic="roman" style:font-pitch="variable" fo:font-size="14pt" fo:font-style="normal" fo:text-shadow="none" style:text-underline-style="none" fo:font-weight="normal" style:letter-kerning="true" style:font-family-asian="&apos;MS Gothic&apos;" style:font-family-generic-asian="system" style:font-pitch-asian="variable" style:font-size-asian="32pt" style:font-style-asian="normal" style:font-weight-asian="normal" style:font-family-complex="Tahoma" style:font-family-generic-complex="system" style:font-pitch-complex="variable" style:font-size-complex="32pt" style:font-style-complex="normal" style:font-weight-complex="normal" style:text-emphasize="none" style:font-relief="none"/></style:style><style:style style:name="Default-outline2" style:family="presentation" style:parent-style-name="Default-outline1"><style:paragraph-properties fo:margin-left="2.4cm" fo:margin-right="0cm" fo:margin-top="0cm" fo:margin-bottom="0.4cm" fo:text-indent="-0.8cm"/><style:text-properties fo:font-size="14pt" style:font-size-asian="28pt" style:font-size-complex="28pt"/></style:style><style:style style:name="Default-outline3" style:family="presentation" style:parent-style-name="Default-outline2"><style:paragraph-properties fo:margin-left="3.6cm" fo:margin-right="0cm" fo:margin-top="0cm" fo:margin-bottom="0.3cm" fo:text-indent="-0.6cm"/><style:text-properties fo:font-size="14pt" style:font-size-asian="24pt" style:font-size-complex="24pt"/></style:style><style:style style:name="Default-outline4" style:family="presentation" style:parent-style-name="Default-outline3"><style:paragraph-properties fo:margin-left="4.8cm" fo:margin-right="0cm" fo:margin-top="0cm" fo:margin-bottom="0.2cm" fo:text-indent="-0.6cm"/><style:text-properties fo:font-size="14pt" style:font-size-asian="20pt" style:font-size-complex="20pt"/></style:style><style:style style:name="Default-outline5" style:family="presentation" style:parent-style-name="Default-outline4"><style:paragraph-properties fo:margin-left="6cm" fo:margin-right="0cm" fo:margin-top="0cm" fo:margin-bottom="0.1cm" fo:text-indent="-0.6cm"/><style:text-properties fo:font-size="14pt" style:font-size-asian="20pt" style:font-size-complex="20pt"/></style:style><style:style style:name="Default-outline6" style:family="presentation" style:parent-style-name="Default-outline5"><style:paragraph-properties fo:margin-left="7.2cm" fo:margin-right="0cm" fo:margin-top="0cm" fo:margin-bottom="0.1cm" fo:text-indent="-0.6cm"/><style:text-properties fo:font-size="14pt" style:font-size-asian="20pt" style:font-size-complex="20pt"/></style:style><style:style style:name="Default-outline7" style:family="presentation" style:parent-style-name="Default-outline6"><style:paragraph-properties fo:margin-left="8.4cm" fo:margin-right="0cm" fo:margin-top="0cm" fo:margin-bottom="0.1cm" fo:text-indent="-0.6cm"/><style:text-properties fo:font-size="14pt" style:font-size-asian="20pt" style:font-size-complex="20pt"/></style:style><style:style style:name="Default-outline8" style:family="presentation" style:parent-style-name="Default-outline7"><style:paragraph-properties fo:margin-left="9.6cm" fo:margin-right="0cm" fo:margin-top="0cm" fo:margin-bottom="0.1cm" fo:text-indent="-0.6cm"/><style:text-properties fo:font-size="14pt" style:font-size-asian="20pt" style:font-size-complex="20pt"/></style:style><style:style style:name="Default-outline9" style:family="presentation" style:parent-style-name="Default-outline8"><style:paragraph-properties fo:margin-left="10.8cm" fo:margin-right="0cm" fo:margin-top="0cm" fo:margin-bottom="0.1cm" fo:text-indent="-0.6cm"/><style:text-properties fo:font-size="14pt" style:font-size-asian="20pt" style:font-size-complex="20pt"/></style:style><style:presentation-page-layout style:name="AL0T26"><presentation:placeholder presentation:object="handout" svg:x="2.058cm" svg:y="1.743cm" svg:width="6.104cm" svg:height="-0.233cm"/><presentation:placeholder presentation:object="handout" svg:x="10.962cm" svg:y="1.743cm" svg:width="6.104cm" svg:height="-0.233cm"/><presentation:placeholder presentation:object="handout" svg:x="19.866cm" svg:y="1.743cm" svg:width="6.104cm" svg:height="-0.233cm"/><presentation:placeholder presentation:object="handout" svg:x="2.058cm" svg:y="3.612cm" svg:width="6.104cm" svg:height="-0.233cm"/><presentation:placeholder presentation:object="handout" svg:x="10.962cm" svg:y="3.612cm" svg:width="6.104cm" svg:height="-0.233cm"/><presentation:placeholder presentation:object="handout" svg:x="19.866cm" svg:y="3.612cm" svg:width="6.104cm" svg:height="-0.233cm"/><presentation:placeholder presentation:object="handout" svg:x="2.058cm" svg:y="5.481cm" svg:width="6.104cm" svg:height="-0.233cm"/><presentation:placeholder presentation:object="handout" svg:x="10.962cm" svg:y="5.481cm" svg:width="6.104cm" svg:height="-0.233cm"/><presentation:placeholder presentation:object="handout" svg:x="19.866cm" svg:y="5.481cm" svg:width="6.104cm" svg:height="-0.233cm"/></style:presentation-page-layout><style:presentation-page-layout style:name="AL1T19"><presentation:placeholder presentation:object="title" svg:x="2.058cm" svg:y="1.743cm" svg:width="23.912cm" svg:height="3.507cm"/></style:presentation-page-layout></office:styles><office:automatic-styles><style:page-layout style:name="PM0"><style:page-layout-properties fo:margin-top="0cm" fo:margin-bottom="0cm" fo:margin-left="0cm" fo:margin-right="0cm" fo:page-width="27.94cm" fo:page-height="21.59cm" style:print-orientation="landscape"/></style:page-layout><style:page-layout style:name="PM1"><style:page-layout-properties fo:margin-top="0cm" fo:margin-bottom="0cm" fo:margin-left="0cm" fo:margin-right="0cm" fo:page-width="27.991cm" fo:page-height="21.006cm" style:print-orientation="landscape"/></style:page-layout><style:page-layout style:name="PM2"><style:page-layout-properties fo:margin-top="0cm" fo:margin-bottom="0cm" fo:margin-left="0cm" fo:margin-right="0cm" fo:page-width="21.59cm" fo:page-height="27.94cm" style:print-orientation="portrait"/></style:page-layout><style:style style:name="dp1" style:family="drawing-page"><style:drawing-page-properties draw:background-size="border" draw:fill="solid" draw:fill-color="#000000" draw:fill-image-width="0cm" draw:fill-image-height="0cm"/></style:style><style:style style:name="dp2" style:family="drawing-page"><style:drawing-page-properties presentation:display-header="true" presentation:display-footer="true" presentation:display-page-number="false" presentation:display-date-time="true"/></style:style><style:style style:name="gr1" style:family="graphic" style:parent-style-name="standard"><style:graphic-properties draw:stroke="none" draw:fill="none" draw:fill-color="#ffffff" draw:auto-grow-height="false" fo:min-height="1.079cm"/></style:style><style:style style:name="gr2" style:family="graphic" style:parent-style-name="standard"><style:graphic-properties draw:stroke="none" draw:fill="none" draw:fill-color="#ffffff" draw:textarea-vertical-align="bottom" draw:auto-grow-height="false" fo:min-height="1.079cm"/></style:style><style:style style:name="gr3" style:family="graphic" style:parent-style-name="standard"><style:graphic-properties draw:stroke="none" svg:stroke-color="#000000" draw:fill="none" draw:fill-color="#ffffff" draw:textarea-horizontal-align="left" draw:auto-grow-height="true" draw:auto-grow-width="true" fo:min-height="0cm" fo:min-width="9.103cm" fo:padding-top="0cm" fo:padding-bottom="0cm" fo:padding-left="0cm" fo:padding-right="0cm"/></style:style><style:style style:name="gr4" style:family="graphic" style:parent-style-name="standard"><style:graphic-properties draw:stroke="none" svg:stroke-color="#000000" draw:fill="none" draw:fill-color="#ffffff" draw:textarea-horizontal-align="right" draw:auto-grow-height="true" draw:auto-grow-width="true" fo:min-height="0cm" fo:min-width="9.208cm" fo:padding-top="0cm" fo:padding-bottom="0cm" fo:padding-left="0cm" fo:padding-right="0cm"/></style:style><style:style style:name="gr5" style:family="graphic" style:parent-style-name="standard"><style:graphic-properties draw:stroke="none" svg:stroke-color="#000000" draw:fill="none" draw:fill-color="#ffffff" draw:textarea-horizontal-align="left" draw:auto-grow-height="true" draw:auto-grow-width="true" fo:min-height="0cm" fo:min-width="5.415cm" fo:padding-top="0cm" fo:padding-bottom="0cm" fo:padding-left="0cm" fo:padding-right="0cm"/></style:style><style:style style:name="gr6" style:family="graphic" style:parent-style-name="standard"><style:graphic-properties draw:stroke="none" draw:fill="none" draw:textarea-horizontal-align="center" draw:textarea-vertical-align="middle" draw:color-mode="standard" draw:luminance="0%" draw:contrast="0%" draw:gamma="100%" draw:red="0%" draw:green="0%" draw:blue="0%" fo:clip="rect(0cm 0cm 0cm 0cm)" draw:image-opacity="100%" style:mirror="none"/></style:style><style:style style:name="gr7" style:family="graphic" style:parent-style-name="standard"><style:graphic-properties draw:stroke="none" svg:stroke-color="#000000" draw:fill="none" draw:fill-color="#ffffff" draw:textarea-horizontal-align="right" draw:auto-grow-height="true" draw:auto-grow-width="true" fo:min-height="0cm" fo:min-width="4.049cm" fo:padding-top="0cm" fo:padding-bottom="0cm" fo:padding-left="0cm" fo:padding-right="0cm"/></style:style><style:style style:name="pr1" style:family="presentation" style:parent-style-name="Default-title"><style:graphic-properties draw:fill-color="#ffffff" draw:auto-grow-height="false" fo:min-height="3.507cm"/></style:style><style:style style:name="pr2" style:family="presentation" style:parent-style-name="Default-outline1"><style:graphic-properties draw:fill-color="#ffffff" draw:auto-grow-height="false" fo:min-height="13.86cm"/></style:style><style:style style:name="pr3" style:family="presentation" style:parent-style-name="Default-backgroundobjects"><style:graphic-properties draw:stroke="none" draw:fill="none" draw:fill-color="#ffffff" draw:auto-grow-height="false" fo:min-height="1.449cm"/></style:style><style:style style:name="pr4" style:family="presentation" style:parent-style-name="Default-backgroundobjects"><style:graphic-properties svg:stroke-width="0.025cm" svg:stroke-color="#ffffff" draw:marker-start-width="0.237cm" draw:marker-end-width="0.237cm" draw:fill="solid" draw:fill-color="#000000" draw:textarea-horizontal-align="center" draw:textarea-vertical-align="middle" fo:padding-top="0.012cm" fo:padding-bottom="0.012cm" fo:padding-left="0.012cm" fo:padding-right="0.012cm"/></style:style><style:style style:name="pr5" style:family="presentation" style:parent-style-name="Default-backgroundobjects"><style:graphic-properties draw:stroke="none" draw:fill="none" draw:fill-color="#ffffff" draw:textarea-vertical-align="middle" draw:auto-grow-height="false" fo:min-height="1.449cm"/></style:style><style:style style:name="pr6" style:family="presentation" style:parent-style-name="Default-backgroundobjects"><style:graphic-properties draw:stroke="none" draw:fill="none" draw:fill-color="#ffffff" draw:auto-grow-height="false" fo:min-height="1.397cm"/></style:style><style:style style:name="pr7" style:family="presentation" style:parent-style-name="Default-backgroundobjects"><style:graphic-properties draw:stroke="none" draw:fill="none" draw:fill-color="#ffffff" draw:textarea-vertical-align="bottom" draw:auto-grow-height="false" fo:min-height="1.397cm"/></style:style><style:style style:name="P1" style:family="paragraph"><style:paragraph-properties fo:margin-left="0cm" fo:margin-right="0cm" fo:text-indent="0cm"/><style:text-properties fo:font-size="14pt" style:font-size-asian="14pt" style:font-size-complex="14pt"/></style:style><style:style style:name="P2" style:family="paragraph"><style:paragraph-properties fo:margin-left="0cm" fo:margin-right="0cm" fo:text-align="end" fo:text-indent="0cm"/><style:text-properties fo:font-size="14pt" style:font-size-asian="14pt" style:font-size-complex="14pt"/></style:style><style:style style:name="P3" style:family="paragraph"><style:paragraph-properties fo:margin-left="0cm" fo:margin-right="0cm" fo:text-indent="0cm"/></style:style><style:style style:name="P4" style:family="paragraph"><style:paragraph-properties fo:margin-left="1.2cm" fo:margin-right="0cm" text:enable-numbering="true" fo:text-indent="-0.9cm"/></style:style><style:style style:name="P5" style:family="paragraph"><style:paragraph-properties fo:margin-left="2.4cm" fo:margin-right="0cm" text:enable-numbering="true" fo:text-indent="-0.8cm"/></style:style><style:style style:name="P6" style:family="paragraph"><style:paragraph-properties fo:margin-left="3.6cm" fo:margin-right="0cm" text:enable-numbering="true" fo:text-indent="-0.6cm"/></style:style><style:style style:name="P7" style:family="paragraph"><style:paragraph-properties fo:margin-left="4.8cm" fo:margin-right="0cm" text:enable-numbering="true" fo:text-indent="-0.6cm"/></style:style><style:style style:name="P8" style:family="paragraph"><style:paragraph-properties fo:margin-left="6cm" fo:margin-right="0cm" text:enable-numbering="true" fo:text-indent="-0.6cm"/></style:style><style:style style:name="P9" style:family="paragraph"><style:paragraph-properties fo:margin-left="7.2cm" fo:margin-right="0cm" text:enable-numbering="true" fo:text-indent="-0.6cm"/></style:style><style:style style:name="P10" style:family="paragraph"><style:paragraph-properties fo:margin-left="8.4cm" fo:margin-right="0cm" text:enable-numbering="true" fo:text-indent="-0.6cm"/></style:style><style:style style:name="P11" style:family="paragraph"><style:paragraph-properties fo:margin-left="9.6cm" fo:margin-right="0cm" text:enable-numbering="true" fo:text-indent="-0.6cm"/></style:style><style:style style:name="P12" style:family="paragraph"><style:paragraph-properties fo:margin-left="10.8cm" fo:margin-right="0cm" text:enable-numbering="true" fo:text-indent="-0.6cm"/></style:style><style:style style:name="P13" style:family="paragraph"><style:paragraph-properties fo:margin-left="1.2cm" fo:margin-right="0cm" fo:text-indent="-0.9cm"/></style:style><style:style style:name="P14" style:family="paragraph"><style:paragraph-properties fo:margin-left="0cm" fo:margin-right="0cm" fo:text-align="center" fo:text-indent="0cm"/><style:text-properties fo:font-size="14pt" style:font-size-asian="14pt" style:font-size-complex="14pt"/></style:style><style:style style:name="P15" style:family="paragraph"><style:paragraph-properties fo:margin-left="0cm" fo:margin-right="0cm" fo:text-indent="0cm"/><style:text-properties fo:font-family="&apos;Lucida Sans Unicode&apos;" style:font-family-generic="swiss" style:font-pitch="variable" fo:font-size="18pt" fo:letter-spacing="0.035cm" fo:font-weight="normal"/></style:style><style:style style:name="P16" style:family="paragraph"><style:paragraph-properties fo:margin-left="0cm" fo:margin-right="0cm" fo:text-indent="0cm"/><style:text-properties fo:font-family="&apos;Lucida Sans Unicode&apos;" style:font-family-generic="swiss" style:font-pitch="variable" fo:font-size="18pt" fo:letter-spacing="0.035cm" fo:font-weight="normal" style:font-size-asian="18pt" style:font-size-complex="18pt"/></style:style><style:style style:name="P17" style:family="paragraph"><style:paragraph-properties fo:margin-left="0cm" fo:margin-right="0cm" fo:text-indent="0cm"/><style:text-properties fo:color="#ffffff" fo:font-family="&apos;Lucida Sans Unicode&apos;" style:font-family-generic="swiss" style:font-pitch="variable" fo:font-size="10pt" fo:letter-spacing="0.035cm" fo:font-weight="normal"/></style:style><style:style style:name="P18" style:family="paragraph"><style:paragraph-properties fo:text-align="center"/></style:style><style:style style:name="P19" style:family="paragraph"><style:paragraph-properties fo:margin-left="0cm" fo:margin-right="0cm" fo:line-height="200%" fo:text-align="center" fo:text-indent="0cm"/></style:style><style:style style:name="P20" style:family="paragraph"><style:paragraph-properties fo:margin-left="0cm" fo:margin-right="0cm" fo:line-height="200%" fo:text-align="center" fo:text-indent="0cm"/><style:text-properties fo:color="#ffffff" fo:font-family="Helvetica" style:font-family-generic="swiss" style:font-pitch="variable" fo:font-size="8pt" fo:font-weight="bold"/></style:style><style:style style:name="P21" style:family="paragraph"><style:paragraph-properties fo:margin-left="0cm" fo:margin-right="0cm" fo:text-align="center" fo:text-indent="0cm"/><style:text-properties fo:color="#54af46" fo:font-family="&apos;Lucida Sans Unicode&apos;" style:font-style-name="Regular" style:font-family-generic="swiss" style:font-pitch="variable" fo:font-size="14pt" fo:letter-spacing="0.035cm" style:font-size-asian="14pt" style:font-size-complex="14pt"/></style:style><style:style style:name="T1" style:family="text"><style:text-properties fo:font-size="14pt" style:font-size-asian="14pt" style:font-size-complex="14pt"/></style:style><style:style style:name="T2" style:family="text"><style:text-properties fo:color="#ffffff" fo:font-family="&apos;Lucida Sans Unicode&apos;" style:font-family-generic="swiss" style:font-pitch="variable" fo:font-size="18pt" fo:letter-spacing="0.035cm" fo:font-weight="bold"/></style:style><style:style style:name="T3" style:family="text"><style:text-properties fo:color="#54af46" fo:font-family="&apos;Lucida Sans Unicode&apos;" style:font-family-generic="swiss" style:font-pitch="variable" fo:font-size="18pt" fo:letter-spacing="0.035cm" fo:font-weight="bold"/></style:style><style:style style:name="T4" style:family="text"><style:text-properties fo:color="#54af46" fo:font-family="&apos;Lucida Sans Unicode&apos;" style:font-family-generic="swiss" style:font-pitch="variable" fo:font-size="18pt" fo:letter-spacing="0.035cm" fo:font-weight="normal"/></style:style><style:style style:name="T5" style:family="text"><style:text-properties fo:color="#ffffff" fo:font-family="&apos;Lucida Sans Unicode&apos;" style:font-family-generic="swiss" style:font-pitch="variable" fo:font-size="18pt" fo:letter-spacing="0.035cm" fo:font-weight="bold" style:font-size-asian="18pt" style:font-size-complex="18pt"/></style:style><style:style style:name="T6" style:family="text"><style:text-properties fo:color="#54af46" fo:font-family="&apos;Lucida Sans Unicode&apos;" style:font-family-generic="swiss" style:font-pitch="variable" fo:font-size="18pt" fo:letter-spacing="0.035cm" fo:font-weight="normal" style:font-size-asian="18pt" style:font-size-complex="18pt"/></style:style><style:style style:name="T7" style:family="text"><style:text-properties fo:color="#54af46" fo:font-family="&apos;Lucida Sans Unicode&apos;" style:font-family-generic="swiss" style:font-pitch="variable" fo:font-size="10pt" fo:letter-spacing="0.035cm" fo:font-weight="normal"/></style:style><style:style style:name="T8" style:family="text"><style:text-properties fo:color="#ffffff" fo:font-family="&apos;Lucida Sans Unicode&apos;" style:font-family-generic="swiss" style:font-pitch="variable" fo:font-size="10pt" fo:letter-spacing="0.035cm" fo:font-weight="bold"/></style:style><style:style style:name="T9" style:family="text"><style:text-properties fo:color="#ffffff" fo:font-family="Helvetica" style:font-family-generic="swiss" style:font-pitch="variable" fo:font-size="8pt" fo:font-weight="bold"/></style:style><style:style style:name="T10" style:family="text"><style:text-properties fo:color="#ffffff" fo:font-family="&apos;Lucida Sans Unicode&apos;" style:font-style-name="Regular" style:font-family-generic="swiss" style:font-pitch="variable" fo:font-size="10pt" fo:letter-spacing="0.035cm" fo:font-weight="bold" style:font-size-asian="14pt" style:font-size-complex="14pt"/></style:style><style:style style:name="T11" style:family="text"><style:text-properties fo:color="#54af46" fo:font-family="&apos;Lucida Sans Unicode&apos;" style:font-style-name="Regular" style:font-family-generic="swiss" style:font-pitch="variable" fo:font-size="10pt" fo:letter-spacing="0.035cm" style:font-size-asian="14pt" style:font-size-complex="14pt"/></style:style><style:style style:name="T12" style:family="text"><style:text-properties fo:color="#ffffff" fo:font-family="&apos;Lucida Sans Unicode&apos;" style:font-style-name="Regular" style:font-family-generic="swiss" style:font-pitch="variable" fo:font-size="10pt" fo:letter-spacing="0.035cm" style:font-size-asian="14pt" style:font-size-complex="14pt"/></style:style><text:list-style style:name="L1"><text:list-level-style-bullet text:level="1" text:bullet-char="●"><style:text-properties fo:font-family="StarSymbol" style:use-window-font-color="true" fo:font-size="45%"/></text:list-level-style-bullet><text:list-level-style-bullet text:level="2" text:bullet-char="●"><style:list-level-properties text:space-before="0.6cm" text:min-label-width="0.6cm"/><style:text-properties fo:font-family="StarSymbol" style:use-window-font-color="true" fo:font-size="45%"/></text:list-level-style-bullet><text:list-level-style-bullet text:level="3" text:bullet-char="●"><style:list-level-properties text:space-before="1.2cm" text:min-label-width="0.6cm"/><style:text-properties fo:font-family="StarSymbol" style:use-window-font-color="true" fo:font-size="45%"/></text:list-level-style-bullet><text:list-level-style-bullet text:level="4" text:bullet-char="●"><style:list-level-properties text:space-before="1.8cm" text:min-label-width="0.6cm"/><style:text-properties fo:font-family="StarSymbol" style:use-window-font-color="true" fo:font-size="45%"/></text:list-level-style-bullet><text:list-level-style-bullet text:level="5" text:bullet-char="●"><style:list-level-properties text:space-before="2.4cm" text:min-label-width="0.6cm"/><style:text-properties fo:font-family="StarSymbol" style:use-window-font-color="true" fo:font-size="45%"/></text:list-level-style-bullet><text:list-level-style-bullet text:level="6" text:bullet-char="●"><style:list-level-properties text:space-before="3cm" text:min-label-width="0.6cm"/><style:text-properties fo:font-family="StarSymbol" style:use-window-font-color="true" fo:font-size="45%"/></text:list-level-style-bullet><text:list-level-style-bullet text:level="7" text:bullet-char="●"><style:list-level-properties text:space-before="3.6cm" text:min-label-width="0.6cm"/><style:text-properties fo:font-family="StarSymbol" style:use-window-font-color="true" fo:font-size="45%"/></text:list-level-style-bullet><text:list-level-style-bullet text:level="8" text:bullet-char="●"><style:list-level-properties text:space-before="4.2cm" text:min-label-width="0.6cm"/><style:text-properties fo:font-family="StarSymbol" style:use-window-font-color="true" fo:font-size="45%"/></text:list-level-style-bullet><text:list-level-style-bullet text:level="9" text:bullet-char="●"><style:list-level-properties text:space-before="4.8cm" text:min-label-width="0.6cm"/><style:text-properties fo:font-family="StarSymbol" style:use-window-font-color="true" fo:font-size="45%"/></text:list-level-style-bullet><text:list-level-style-bullet text:level="10" text:bullet-char="●"><style:list-level-properties text:space-before="5.4cm" text:min-label-width="0.6cm"/><style:text-properties fo:font-family="StarSymbol" style:use-window-font-color="true" fo:font-size="45%"/></text:list-level-style-bullet></text:list-style><text:list-style style:name="L2"><text:list-level-style-bullet text:level="1" text:bullet-char="●"><style:list-level-properties text:space-before="0.3cm" text:min-label-width="0.9cm"/><style:text-properties fo:font-family="StarSymbol" style:use-window-font-color="true" fo:font-size="45%"/></text:list-level-style-bullet><text:list-level-style-bullet text:level="2" text:bullet-char="–"><style:list-level-properties text:space-before="1.6cm" text:min-label-width="0.8cm"/><style:text-properties fo:font-family="StarSymbol" style:use-window-font-color="true" fo:font-size="75%"/></text:list-level-style-bullet><text:list-level-style-bullet text:level="3" text:bullet-char="●"><style:list-level-properties text:space-before="3cm" text:min-label-width="0.6cm"/><style:text-properties fo:font-family="StarSymbol" style:use-window-font-color="true" fo:font-size="45%"/></text:list-level-style-bullet><text:list-level-style-bullet text:level="4" text:bullet-char="–"><style:list-level-properties text:space-before="4.2cm" text:min-label-width="0.6cm"/><style:text-properties fo:font-family="StarSymbol" style:use-window-font-color="true" fo:font-size="75%"/></text:list-level-style-bullet><text:list-level-style-bullet text:level="5" text:bullet-char="●"><style:list-level-properties text:space-before="5.4cm" text:min-label-width="0.6cm"/><style:text-properties fo:font-family="StarSymbol" style:use-window-font-color="true" fo:font-size="45%"/></text:list-level-style-bullet><text:list-level-style-bullet text:level="6" text:bullet-char="●"><style:list-level-properties text:space-before="6.6cm" text:min-label-width="0.6cm"/><style:text-properties fo:font-family="StarSymbol" style:use-window-font-color="true" fo:font-size="45%"/></text:list-level-style-bullet><text:list-level-style-bullet text:level="7" text:bullet-char="●"><style:list-level-properties text:space-before="7.8cm" text:min-label-width="0.6cm"/><style:text-properties fo:font-family="StarSymbol" style:use-window-font-color="true" fo:font-size="45%"/></text:list-level-style-bullet><text:list-level-style-bullet text:level="8" text:bullet-char="●"><style:list-level-properties text:space-before="9cm" text:min-label-width="0.6cm"/><style:text-properties fo:font-family="StarSymbol" style:use-window-font-color="true" fo:font-size="45%"/></text:list-level-style-bullet><text:list-level-style-bullet text:level="9" text:bullet-char="●"><style:list-level-properties text:space-before="10.2cm" text:min-label-width="0.6cm"/><style:text-properties fo:font-family="StarSymbol" style:use-window-font-color="true" fo:font-size="45%"/></text:list-level-style-bullet></text:list-style><text:list-style style:name="L3"><text:list-level-style-bullet text:level="1" text:bullet-char="●"><style:text-properties fo:font-family="StarSymbol" style:use-window-font-color="true" fo:font-size="45%"/></text:list-level-style-bullet><text:list-level-style-bullet text:level="2" text:bullet-char="●"><style:list-level-properties text:space-before="0.6cm" text:min-label-width="0.6cm"/><style:text-properties fo:font-family="StarSymbol" style:use-window-font-color="true" fo:font-size="45%"/></text:list-level-style-bullet><text:list-level-style-bullet text:level="3" text:bullet-char="●"><style:list-level-properties text:space-before="1.2cm" text:min-label-width="0.6cm"/><style:text-properties fo:font-family="StarSymbol" style:use-window-font-color="true" fo:font-size="45%"/></text:list-level-style-bullet><text:list-level-style-bullet text:level="4" text:bullet-char="●"><style:list-level-properties text:space-before="1.8cm" text:min-label-width="0.6cm"/><style:text-properties fo:font-family="StarSymbol" style:use-window-font-color="true" fo:font-size="45%"/></text:list-level-style-bullet><text:list-level-style-bullet text:level="5" text:bullet-char="●"><style:list-level-properties text:space-before="2.4cm" text:min-label-width="0.6cm"/><style:text-properties fo:font-family="StarSymbol" style:use-window-font-color="true" fo:font-size="45%"/></text:list-level-style-bullet><text:list-level-style-bullet text:level="6" text:bullet-char="●"><style:list-level-properties text:space-before="3cm" text:min-label-width="0.6cm"/><style:text-properties fo:font-family="StarSymbol" style:use-window-font-color="true" fo:font-size="45%"/></text:list-level-style-bullet><text:list-level-style-bullet text:level="7" text:bullet-char="●"><style:list-level-properties text:space-before="3.6cm" text:min-label-width="0.6cm"/><style:text-properties fo:font-family="StarSymbol" style:use-window-font-color="true" fo:font-size="45%"/></text:list-level-style-bullet><text:list-level-style-bullet text:level="8" text:bullet-char="●"><style:list-level-properties text:space-before="4.2cm" text:min-label-width="0.6cm"/><style:text-properties fo:font-family="StarSymbol" style:use-window-font-color="true" fo:font-size="45%"/></text:list-level-style-bullet><text:list-level-style-bullet text:level="9" text:bullet-char="●"><style:list-level-properties text:space-before="4.8cm" text:min-label-width="0.6cm"/><style:text-properties fo:font-family="StarSymbol" style:use-window-font-color="true" fo:font-size="45%"/></text:list-level-style-bullet><text:list-level-style-bullet text:level="10" text:bullet-char="●"><style:list-level-properties text:space-before="5.4cm" text:min-label-width="0.6cm"/><style:text-properties fo:font-family="StarSymbol" style:use-window-font-color="true" fo:font-size="45%"/></text:list-level-style-bullet></text:list-style></office:automatic-styles><office:master-styles><draw:layer-set><draw:layer draw:name="layout"/><draw:layer draw:name="background"/><draw:layer draw:name="backgroundobjects"/><draw:layer draw:name="controls"/><draw:layer draw:name="measurelines"/></draw:layer-set><style:handout-master presentation:presentation-page-layout-name="AL0T26" style:page-layout-name="PM0" draw:style-name="dp2"><draw:frame draw:style-name="gr1" draw:text-style-name="P1" draw:layer="backgroundobjects" svg:width="12.124cm" svg:height="1.078cm" svg:x="0cm" svg:y="0cm" presentation:class="header"><draw:text-box><text:p text:style-name="P1"><text:span text:style-name="T1"><presentation:header/></text:span></text:p></draw:text-box></draw:frame><draw:frame draw:style-name="gr1" draw:text-style-name="P2" draw:layer="backgroundobjects" svg:width="12.124cm" svg:height="1.078cm" svg:x="15.815cm" svg:y="0cm" presentation:class="date-time"><draw:text-box><text:p text:style-name="P2"><text:span text:style-name="T1"><presentation:date-time/></text:span></text:p></draw:text-box></draw:frame><draw:frame draw:style-name="gr2" draw:text-style-name="P1" draw:layer="backgroundobjects" svg:width="12.124cm" svg:height="1.078cm" svg:x="0cm" svg:y="20.511cm" presentation:class="footer"><draw:text-box><text:p text:style-name="P1"><text:span text:style-name="T1"><presentation:footer/></text:span></text:p></draw:text-box></draw:frame><draw:frame draw:style-name="gr2" draw:text-style-name="P2" draw:layer="backgroundobjects" svg:width="12.124cm" svg:height="1.078cm" svg:x="15.815cm" svg:y="20.511cm" presentation:class="page-number"><draw:text-box><text:p text:style-name="P2"><text:span text:style-name="T1"><text:page-number>48</text:page-number></text:span></text:p></draw:text-box></draw:frame><draw:page-thumbnail draw:layer="backgroundobjects" svg:width="5.587cm" svg:height="4.192cm" svg:x="2.794cm" svg:y="4.326cm" draw:page-number="1"/><draw:page-thumbnail draw:layer="backgroundobjects" svg:width="5.587cm" svg:height="4.192cm" svg:x="11.176cm" svg:y="4.326cm"/><draw:page-thumbnail draw:layer="backgroundobjects" svg:width="5.587cm" svg:height="4.192cm" svg:x="19.558cm" svg:y="4.326cm"/><draw:page-thumbnail draw:layer="backgroundobjects" svg:width="5.587cm" svg:height="4.192cm" svg:x="2.794cm" svg:y="13.07cm"/><draw:page-thumbnail draw:layer="backgroundobjects" svg:width="5.587cm" svg:height="4.192cm" svg:x="11.176cm" svg:y="13.07cm"/><draw:page-thumbnail draw:layer="backgroundobjects" svg:width="5.587cm" svg:height="4.192cm" svg:x="19.558cm" svg:y="13.07cm"/></style:handout-master><style:master-page style:name="Default" style:page-layout-name="PM1" draw:style-name="dp1"><office:forms form:automatic-focus="false" form:apply-design-mode="false"/><draw:frame presentation:style-name="pr1" draw:text-style-name="P3" draw:layer="backgroundobjects" svg:width="9.797cm" svg:height="6.202cm" svg:x="0.331cm" svg:y="1.405cm" presentation:class="title"><draw:text-box><text:p text:style-name="P3">Click to edit the title text form at</text:p></draw:text-box></draw:frame><draw:frame presentation:style-name="pr2" draw:text-style-name="P13" draw:layer="backgroundobjects" svg:width="10.111cm" svg:height="3.556cm" svg:x="-12.592cm" svg:y="8.516cm" presentation:class="outline"><draw:text-box><text:list text:style-name="L2"><text:list-item><text:p text:style-name="P4">Click to edit the outline text format</text:p></text:list-item></text:list><text:list text:style-name="L2"><text:list-item><text:list><text:list-item><text:p text:style-name="P5">Second Outline Level</text:p></text:list-item></text:list></text:list-item></text:list><text:list text:style-name="L2"><text:list-item><text:list><text:list-item><text:list><text:list-item><text:p text:style-name="P6">Third Outline Level</text:p></text:list-item></text:list></text:list-item></text:list></text:list-item></text:list><text:list text:style-name="L2"><text:list-item><text:list><text:list-item><text:list><text:list-item><text:list><text:list-item><text:p text:style-name="P7">Fourth Outline Level</text:p></text:list-item></text:list></text:list-item></text:list></text:list-item></text:list></text:list-item></text:list><text:list text:style-name="L2"><text:list-item><text:list><text:list-item><text:list><text:list-item><text:list><text:list-item><text:list><text:list-item><text:p text:style-name="P8">Fifth Outline Level</text:p></text:list-item></text:list></text:list-item></text:list></text:list-item></text:list></text:list-item></text:list></text:list-item></text:list><text:list text:style-name="L2"><text:list-item><text:list><text:list-item><text:list><text:list-item><text:list><text:list-item><text:list><text:list-item><text:list><text:list-item><text:p text:style-name="P9">Sixth Outline Level</text:p></text:list-item></text:list></text:list-item></text:list></text:list-item></text:list></text:list-item></text:list></text:list-item></text:list></text:list-item></text:list><text:list text:style-name="L2"><text:list-item><text:list><text:list-item><text:list><text:list-item><text:list><text:list-item><text:list><text:list-item><text:list><text:list-item><text:list><text:list-item><text:p text:style-name="P10">Seventh Outline Level</text:p></text:list-item></text:list></text:list-item></text:list></text:list-item></text:list></text:list-item></text:list></text:list-item></text:list></text:list-item></text:list></text:list-item></text:list><text:list text:style-name="L2"><text:list-item><text:list><text:list-item><text:list><text:list-item><text:list><text:list-item><text:list><text:list-item><text:list><text:list-item><text:list><text:list-item><text:list><text:list-item><text:p text:style-name="P11">Eighth Outline Level</text:p></text:list-item></text:list></text:list-item></text:list></text:list-item></text:list></text:list-item></text:list></text:list-item></text:list></text:list-item></text:list></text:list-item></text:list></text:list-item></text:list><text:list text:style-name="L2"><text:list-item><text:list><text:list-item><text:list><text:list-item><text:list><text:list-item><text:list><text:list-item><text:list><text:list-item><text:list><text:list-item><text:list><text:list-item><text:list><text:list-item><text:p text:style-name="P12">Ninth Outline Level</text:p></text:list-item></text:list></text:list-item></text:list></text:list-item></text:list></text:list-item></text:list></text:list-item></text:list></text:list-item></text:list></text:list-item></text:list></text:list-item></text:list></text:list-item></text:list></draw:text-box></draw:frame><draw:frame presentation:style-name="pr3" draw:text-style-name="P14" draw:layer="backgroundobjects" svg:width="8.872cm" svg:height="1.448cm" svg:x="0cm" svg:y="13.828cm" presentation:class="footer"><draw:text-box><text:p text:style-name="P14"><text:span text:style-name="T1"><presentation:footer/></text:span></text:p></draw:text-box></draw:frame><draw:frame draw:style-name="gr3" draw:text-style-name="P15" draw:layer="backgroundobjects" svg:width="9.106cm" svg:height="0.771cm" svg:x="0.416cm" svg:y="0.317cm"><draw:text-box><text:p text:style-name="P3"><text:span text:style-name="T2">LEARNING</text:span><text:span text:style-name="T3"> </text:span><text:span text:style-name="T4">TO LOVE </text:span><text:span text:style-name="T2">FORMS</text:span></text:p></draw:text-box></draw:frame><draw:frame draw:style-name="gr4" draw:text-style-name="P16" draw:layer="backgroundobjects" svg:width="10.266cm" svg:height="0.771cm" svg:x="17.27cm" svg:y="0.318cm"><draw:text-box><text:p text:style-name="P3"><text:span text:style-name="T5">WEB DIRECTIONS SOUTH </text:span><text:span text:style-name="T6">2007</text:span></text:p></draw:text-box></draw:frame><draw:frame draw:style-name="gr5" draw:text-style-name="P17" draw:layer="backgroundobjects" svg:width="5.415cm" svg:height="0.429cm" svg:x="0.899cm" svg:y="20.288cm"><draw:text-box><text:p text:style-name="P3"><text:span text:style-name="T7">2007 </text:span><text:span text:style-name="T8">AARON GUSTAFSON</text:span></text:p></draw:text-box></draw:frame><draw:frame draw:style-name="gr6" draw:text-style-name="P18" draw:layer="backgroundobjects" svg:width="1.043cm" svg:height="0.565cm" svg:x="22.428cm" svg:y="20.249cm"><draw:image xlink:href="Pictures/10000000000000B300000061F28B327F.tif" xlink:type="simple" xlink:show="embed" xlink:actuate="onLoad"><text:p text:style-name="P3"/></draw:image></draw:frame><draw:circle presentation:style-name="pr4" draw:text-style-name="P20" draw:layer="backgroundobjects" svg:width="0.417cm" svg:height="0.417cm" svg:x="0.323cm" svg:y="20.303cm"><text:p text:style-name="P19"><text:span text:style-name="T9">cc</text:span></text:p></draw:circle><draw:frame presentation:style-name="pr3" draw:text-style-name="P1" draw:layer="backgroundobjects" svg:width="6.521cm" svg:height="1.448cm" svg:x="0cm" svg:y="16.458cm" presentation:class="date-time"><draw:text-box><text:p text:style-name="P1"><text:span text:style-name="T1"><presentation:date-time/></text:span></text:p></draw:text-box></draw:frame><draw:frame presentation:style-name="pr5" draw:text-style-name="P21" draw:layer="backgroundobjects" svg:width="11.269cm" svg:height="0.401cm" svg:x="8.191cm" svg:y="20.284cm" presentation:class="page-number"><draw:text-box><text:p text:style-name="P21"><text:span text:style-name="T10"><text:page-number>48</text:page-number></text:span><text:span text:style-name="T11">/</text:span><text:span text:style-name="T12">102</text:span></text:p></draw:text-box></draw:frame><draw:frame draw:style-name="gr7" draw:text-style-name="P17" draw:layer="backgroundobjects" svg:width="4.049cm" svg:height="0.429cm" svg:x="23.659cm" svg:y="20.289cm"><draw:text-box><text:p text:style-name="P3"><text:span text:style-name="T8">EASY! DESIGNS</text:span><text:span text:style-name="T7">, LLC</text:span></text:p></draw:text-box></draw:frame><presentation:notes style:page-layout-name="PM2"><draw:page-thumbnail presentation:style-name="Default-title" draw:layer="backgroundobjects" svg:width="13.968cm" svg:height="10.476cm" svg:x="3.81cm" svg:y="2.123cm" presentation:class="page"/><draw:frame presentation:style-name="Default-notes" draw:layer="backgroundobjects" svg:width="17.271cm" svg:height="12.572cm" svg:x="2.159cm" svg:y="13.271cm" presentation:class="notes" presentation:placeholder="true"><draw:text-box/></draw:frame><draw:frame presentation:style-name="pr6" draw:text-style-name="P1" draw:layer="backgroundobjects" svg:width="9.369cm" svg:height="1.396cm" svg:x="0cm" svg:y="0cm" presentation:class="header"><draw:text-box><text:p text:style-name="P1"><text:span text:style-name="T1"><presentation:header/></text:span></text:p></draw:text-box></draw:frame><draw:frame presentation:style-name="pr6" draw:text-style-name="P2" draw:layer="backgroundobjects" svg:width="9.369cm" svg:height="1.396cm" svg:x="12.22cm" svg:y="0cm" presentation:class="date-time"><draw:text-box><text:p text:style-name="P2"><text:span text:style-name="T1"><presentation:date-time/></text:span></text:p></draw:text-box></draw:frame><draw:frame presentation:style-name="pr7" draw:text-style-name="P1" draw:layer="backgroundobjects" svg:width="9.369cm" svg:height="1.396cm" svg:x="0cm" svg:y="26.543cm" presentation:class="footer"><draw:text-box><text:p text:style-name="P1"><text:span text:style-name="T1"><presentation:footer/></text:span></text:p></draw:text-box></draw:frame><draw:frame presentation:style-name="pr7" draw:text-style-name="P2" draw:layer="backgroundobjects" svg:width="9.369cm" svg:height="1.396cm" svg:x="12.22cm" svg:y="26.543cm" presentation:class="page-number"><draw:text-box><text:p text:style-name="P2"><text:span text:style-name="T1"><text:page-number>48</text:page-number></text:span></text:p></draw:text-box></draw:frame></presentation:notes></style:master-page></office:master-styles></office:document-styles>