<?xml version="1.0" encoding="UTF-8"?>
<office:document-meta xmlns:office="urn:oasis:names:tc:opendocument:xmlns:office:1.0" xmlns:xlink="http://www.w3.org/1999/xlink" xmlns:dc="http://purl.org/dc/elements/1.1/" xmlns:meta="urn:oasis:names:tc:opendocument:xmlns:meta:1.0" xmlns:presentation="urn:oasis:names:tc:opendocument:xmlns:presentation:1.0" xmlns:ooo="http://openoffice.org/2004/office" xmlns:smil="urn:oasis:names:tc:opendocument:xmlns:smil-compatible:1.0" xmlns:anim="urn:oasis:names:tc:opendocument:xmlns:animation:1.0" office:version="1.0"><office:meta><meta:generator>OpenOffice.org/2.0$FreeBSD/i386 OpenOffice.org_project/680m3$Build-9066</meta:generator><dc:title>Intro</dc:title><meta:creation-date>2007-03-07T09:35:06</meta:creation-date><dc:creator>Aaron Gustafson</dc:creator><dc:date>2007-10-25T07:43:50</dc:date><meta:print-date>2007-03-05T17:45:25</meta:print-date><dc:language>en-US</dc:language><meta:editing-cycles>14</meta:editing-cycles><meta:editing-duration>PT4H28M9S</meta:editing-duration><meta:user-defined meta:name="Info 1"/><meta:user-defined meta:name="Info 2"/><meta:user-defined meta:name="Info 3"/><meta:user-defined meta:name="Info 4"/><meta:document-statistic meta:object-count="247"/></office:meta></office:document-meta>