<?xml version="1.0" encoding="UTF-8"?>
<office:document-styles xmlns:office="urn:oasis:names:tc:opendocument:xmlns:office:1.0" xmlns:style="urn:oasis:names:tc:opendocument:xmlns:style:1.0" xmlns:text="urn:oasis:names:tc:opendocument:xmlns:text:1.0" xmlns:table="urn:oasis:names:tc:opendocument:xmlns:table:1.0" xmlns:draw="urn:oasis:names:tc:opendocument:xmlns:drawing:1.0" xmlns:fo="urn:oasis:names:tc:opendocument:xmlns:xsl-fo-compatible:1.0" xmlns:xlink="http://www.w3.org/1999/xlink" xmlns:dc="http://purl.org/dc/elements/1.1/" xmlns:meta="urn:oasis:names:tc:opendocument:xmlns:meta:1.0" xmlns:number="urn:oasis:names:tc:opendocument:xmlns:datastyle:1.0" xmlns:presentation="urn:oasis:names:tc:opendocument:xmlns:presentation:1.0" xmlns:svg="urn:oasis:names:tc:opendocument:xmlns:svg-compatible:1.0" xmlns:chart="urn:oasis:names:tc:opendocument:xmlns:chart:1.0" xmlns:dr3d="urn:oasis:names:tc:opendocument:xmlns:dr3d:1.0" xmlns:math="http://www.w3.org/1998/Math/MathML" xmlns:form="urn:oasis:names:tc:opendocument:xmlns:form:1.0" xmlns:script="urn:oasis:names:tc:opendocument:xmlns:script:1.0" xmlns:ooo="http://openoffice.org/2004/office" xmlns:ooow="http://openoffice.org/2004/writer" xmlns:oooc="http://openoffice.org/2004/calc" xmlns:dom="http://www.w3.org/2001/xml-events" xmlns:smil="urn:oasis:names:tc:opendocument:xmlns:smil-compatible:1.0" xmlns:anim="urn:oasis:names:tc:opendocument:xmlns:animation:1.0" office:version="1.0"><office:styles><draw:gradient draw:name="Easy_20_Gradient" draw:display-name="Easy Gradient" draw:style="linear" draw:start-color="#167f34" draw:end-color="#54af46" draw:start-intensity="100%" draw:end-intensity="100%" draw:angle="0" draw:border="0%"/><draw:gradient draw:name="Gradient_20_1" draw:display-name="Gradient 1" draw:style="linear" draw:start-color="#000000" draw:end-color="#ffffff" draw:start-intensity="100%" draw:end-intensity="100%" draw:angle="0" draw:border="0%"/><draw:hatch draw:name="Black_20_0_20_Degrees" draw:display-name="Black 0 Degrees" draw:style="single" draw:color="#000000" draw:distance="0.102cm" draw:rotation="0"/><draw:fill-image draw:name="Empty" xlink:href="Pictures/100000000000000800000008913C8356.jpg" xlink:type="simple" xlink:show="embed" xlink:actuate="onLoad"/><draw:marker draw:name="Arrow" svg:viewBox="0 0 20 30" svg:d="m10 0-10 30h20z"/><draw:marker draw:name="Arrowheads_20_1" draw:display-name="Arrowheads 1" svg:viewBox="0 0 1371 1371" svg:d="m685 0 686 1371h-1371z"/><draw:marker draw:name="Rounded_20_short_20_Arrow" draw:display-name="Rounded short Arrow" svg:viewBox="0 0 1013 1130" svg:d="m1009 1050-449-1008-22-30-29-12-34 12-21 26-449 1012-5 13v8l5 21 12 21 17 13 21 4h903l21-4 21-13 9-21 4-21v-8z"/><draw:marker draw:name="msArrowEnd_20_5" draw:display-name="msArrowEnd 5" svg:viewBox="0 0 210 210" svg:d="m105 0 105 210h-210z"/><style:default-style style:family="graphic"><style:paragraph-properties style:text-autospace="ideograph-alpha" style:punctuation-wrap="simple" style:line-break="strict" style:writing-mode="lr-tb" style:font-independent-line-spacing="false"><style:tab-stops/></style:paragraph-properties><style:text-properties style:use-window-font-color="true" fo:font-family="&apos;Times New Roman&apos;" style:font-family-generic="roman" style:font-pitch="variable" fo:font-size="24pt" fo:language="en" fo:country="US" style:font-family-asian="&apos;Lucida Sans Unicode&apos;" style:font-family-generic-asian="system" style:font-pitch-asian="variable" style:font-size-asian="24pt" style:language-asian="en" style:country-asian="US" style:font-family-complex="Tahoma" style:font-family-generic-complex="system" style:font-pitch-complex="variable" style:font-size-complex="24pt" style:language-complex="en" style:country-complex="US"/></style:default-style><style:style style:name="standard" style:family="graphic"><style:graphic-properties draw:stroke="solid" svg:stroke-width="0cm" svg:stroke-color="#000000" draw:marker-start-width="0.3cm" draw:marker-start-center="false" draw:marker-end-width="0.3cm" draw:marker-end-center="false" draw:fill="solid" draw:fill-color="#99ccff" fo:padding-top="0.125cm" fo:padding-bottom="0.125cm" fo:padding-left="0.25cm" fo:padding-right="0.25cm" draw:shadow="hidden" draw:shadow-offset-x="0.3cm" draw:shadow-offset-y="0.3cm" draw:shadow-color="#808080"><text:list-style><text:list-level-style-bullet text:level="1" text:bullet-char="•"><style:text-properties fo:font-family="Arial" style:font-family-generic="swiss" style:font-pitch="variable" fo:color="#000000" fo:font-size="100%"/></text:list-level-style-bullet><text:list-level-style-bullet text:level="2" text:bullet-char="•"><style:list-level-properties text:space-before="1.27cm"/><style:text-properties fo:font-family="Arial" style:font-family-generic="swiss" style:font-pitch="variable" fo:color="#000000" fo:font-size="100%"/></text:list-level-style-bullet><text:list-level-style-bullet text:level="3" text:bullet-char="•"><style:list-level-properties text:space-before="2.54cm"/><style:text-properties fo:font-family="Arial" style:font-family-generic="swiss" style:font-pitch="variable" fo:color="#000000" fo:font-size="100%"/></text:list-level-style-bullet><text:list-level-style-bullet text:level="4" text:bullet-char="•"><style:list-level-properties text:space-before="3.81cm"/><style:text-properties fo:font-family="Arial" style:font-family-generic="swiss" style:font-pitch="variable" fo:color="#000000" fo:font-size="100%"/></text:list-level-style-bullet><text:list-level-style-bullet text:level="5" text:bullet-char="•"><style:list-level-properties text:space-before="5.08cm"/><style:text-properties fo:font-family="Arial" style:font-family-generic="swiss" style:font-pitch="variable" fo:color="#000000" fo:font-size="100%"/></text:list-level-style-bullet><text:list-level-style-bullet text:level="6" text:bullet-char="•"><style:list-level-properties text:space-before="5.08cm"/><style:text-properties fo:font-family="Arial" style:font-family-generic="swiss" style:font-pitch="variable" fo:color="#000000" fo:font-size="100%"/></text:list-level-style-bullet><text:list-level-style-bullet text:level="7" text:bullet-char="•"><style:list-level-properties text:space-before="5.08cm"/><style:text-properties fo:font-family="Arial" style:font-family-generic="swiss" style:font-pitch="variable" fo:color="#000000" fo:font-size="100%"/></text:list-level-style-bullet><text:list-level-style-bullet text:level="8" text:bullet-char="•"><style:list-level-properties text:space-before="5.08cm"/><style:text-properties fo:font-family="Arial" style:font-family-generic="swiss" style:font-pitch="variable" fo:color="#000000" fo:font-size="100%"/></text:list-level-style-bullet><text:list-level-style-bullet text:level="9" text:bullet-char="•"><style:list-level-properties text:space-before="5.08cm"/><style:text-properties fo:font-family="Arial" style:font-family-generic="swiss" style:font-pitch="variable" fo:color="#000000" fo:font-size="100%"/></text:list-level-style-bullet><text:list-level-style-bullet text:level="10" text:bullet-char="•"><style:list-level-properties text:space-before="5.08cm"/><style:text-properties fo:font-family="Arial" style:font-family-generic="swiss" style:font-pitch="variable" fo:color="#000000" fo:font-size="100%"/></text:list-level-style-bullet></text:list-style></style:graphic-properties><style:paragraph-properties fo:margin-left="0cm" fo:margin-right="0cm" fo:margin-top="0cm" fo:margin-bottom="0cm" fo:line-height="95%" fo:text-align="start" text:enable-numbering="false" fo:text-indent="0cm" style:punctuation-wrap="simple" style:line-break="normal"><style:tab-stops><style:tab-stop style:position="0cm"/><style:tab-stop style:position="1.27cm"/><style:tab-stop style:position="2.54cm"/><style:tab-stop style:position="3.81cm"/><style:tab-stop style:position="5.08cm"/><style:tab-stop style:position="6.35cm"/><style:tab-stop style:position="7.62cm"/><style:tab-stop style:position="8.89cm"/><style:tab-stop style:position="10.16cm"/><style:tab-stop style:position="11.43cm"/><style:tab-stop style:position="12.7cm"/><style:tab-stop style:position="13.97cm"/><style:tab-stop style:position="15.24cm"/><style:tab-stop style:position="16.51cm"/><style:tab-stop style:position="17.78cm"/><style:tab-stop style:position="19.05cm"/><style:tab-stop style:position="20.32cm"/><style:tab-stop style:position="21.59cm"/><style:tab-stop style:position="22.86cm"/><style:tab-stop style:position="24.13cm"/><style:tab-stop style:position="25.4cm"/></style:tab-stops></style:paragraph-properties><style:text-properties fo:color="#000000" style:text-outline="false" style:text-line-through-style="none" style:text-position="0% 100%" fo:font-family="&apos;Lucida Sans Unicode&apos;" style:font-family-generic="swiss" style:font-pitch="variable" fo:font-size="12pt" fo:font-style="normal" fo:text-shadow="none" style:text-underline-style="none" fo:font-weight="normal" style:font-family-asian="&apos;ＭＳ Ｐゴシック&apos;" style:font-pitch-asian="variable" style:font-size-asian="12pt" style:font-style-asian="normal" style:font-weight-asian="normal" style:font-family-complex="&apos;ＭＳ Ｐゴシック&apos;" style:font-pitch-complex="variable" style:font-size-complex="12pt" style:font-style-complex="normal" style:font-weight-complex="normal" style:text-emphasize="none" style:font-relief="none"/></style:style><style:style style:name="objectwitharrow" style:family="graphic" style:parent-style-name="standard"><style:graphic-properties draw:stroke="solid" svg:stroke-width="0.15cm" svg:stroke-color="#000000" draw:marker-start="Arrow" draw:marker-start-width="0.7cm" draw:marker-start-center="true" draw:marker-end-width="0.3cm"/></style:style><style:style style:name="objectwithshadow" style:family="graphic" style:parent-style-name="standard"><style:graphic-properties draw:shadow="visible" draw:shadow-offset-x="0.3cm" draw:shadow-offset-y="0.3cm" draw:shadow-color="#808080"/></style:style><style:style style:name="objectwithoutfill" style:family="graphic" style:parent-style-name="standard"><style:graphic-properties draw:fill="none"/></style:style><style:style style:name="text" style:family="graphic" style:parent-style-name="standard"><style:graphic-properties draw:stroke="none" draw:fill="none"/></style:style><style:style style:name="textbody" style:family="graphic" style:parent-style-name="standard"><style:graphic-properties draw:stroke="none" draw:fill="none"/><style:text-properties fo:font-size="16pt"/></style:style><style:style style:name="textbodyjustfied" style:family="graphic" style:parent-style-name="standard"><style:graphic-properties draw:stroke="none" draw:fill="none"/><style:paragraph-properties fo:text-align="justify"/></style:style><style:style style:name="textbodyindent" style:family="graphic" style:parent-style-name="standard"><style:graphic-properties draw:stroke="none" draw:fill="none"><text:list-style><text:list-level-style-bullet text:level="1" text:bullet-char="●"><style:list-level-properties text:space-before="0.6cm"/><style:text-properties fo:font-family="StarSymbol" style:use-window-font-color="true" fo:font-size="45%"/></text:list-level-style-bullet><text:list-level-style-bullet text:level="2" text:bullet-char="●"><style:list-level-properties text:space-before="0.6cm" text:min-label-width="0.6cm"/><style:text-properties fo:font-family="StarSymbol" style:use-window-font-color="true" fo:font-size="45%"/></text:list-level-style-bullet><text:list-level-style-bullet text:level="3" text:bullet-char="●"><style:list-level-properties text:space-before="1.2cm" text:min-label-width="0.6cm"/><style:text-properties fo:font-family="StarSymbol" style:use-window-font-color="true" fo:font-size="45%"/></text:list-level-style-bullet><text:list-level-style-bullet text:level="4" text:bullet-char="●"><style:list-level-properties text:space-before="1.8cm" text:min-label-width="0.6cm"/><style:text-properties fo:font-family="StarSymbol" style:use-window-font-color="true" fo:font-size="45%"/></text:list-level-style-bullet><text:list-level-style-bullet text:level="5" text:bullet-char="●"><style:list-level-properties text:space-before="2.4cm" text:min-label-width="0.6cm"/><style:text-properties fo:font-family="StarSymbol" style:use-window-font-color="true" fo:font-size="45%"/></text:list-level-style-bullet><text:list-level-style-bullet text:level="6" text:bullet-char="●"><style:list-level-properties text:space-before="3cm" text:min-label-width="0.6cm"/><style:text-properties fo:font-family="StarSymbol" style:use-window-font-color="true" fo:font-size="45%"/></text:list-level-style-bullet><text:list-level-style-bullet text:level="7" text:bullet-char="●"><style:list-level-properties text:space-before="3.6cm" text:min-label-width="0.6cm"/><style:text-properties fo:font-family="StarSymbol" style:use-window-font-color="true" fo:font-size="45%"/></text:list-level-style-bullet><text:list-level-style-bullet text:level="8" text:bullet-char="●"><style:list-level-properties text:space-before="4.2cm" text:min-label-width="0.6cm"/><style:text-properties fo:font-family="StarSymbol" style:use-window-font-color="true" fo:font-size="45%"/></text:list-level-style-bullet><text:list-level-style-bullet text:level="9" text:bullet-char="●"><style:list-level-properties text:space-before="4.8cm" text:min-label-width="0.6cm"/><style:text-properties fo:font-family="StarSymbol" style:use-window-font-color="true" fo:font-size="45%"/></text:list-level-style-bullet><text:list-level-style-bullet text:level="10" text:bullet-char="●"><style:list-level-properties text:space-before="5.4cm" text:min-label-width="0.6cm"/><style:text-properties fo:font-family="StarSymbol" style:use-window-font-color="true" fo:font-size="45%"/></text:list-level-style-bullet></text:list-style></style:graphic-properties><style:paragraph-properties fo:margin-left="0cm" fo:margin-right="0cm" fo:text-indent="0.6cm"/></style:style><style:style style:name="title" style:family="graphic" style:parent-style-name="standard"><style:graphic-properties draw:stroke="none" draw:fill="none"/><style:text-properties fo:font-size="44pt"/></style:style><style:style style:name="title1" style:family="graphic" style:parent-style-name="standard"><style:graphic-properties draw:stroke="none" draw:fill="solid" draw:fill-color="#008080" draw:shadow="visible" draw:shadow-offset-x="0.2cm" draw:shadow-offset-y="0.2cm" draw:shadow-color="#808080"/><style:paragraph-properties fo:text-align="center"/><style:text-properties fo:font-size="24pt"/></style:style><style:style style:name="title2" style:family="graphic" style:parent-style-name="standard"><style:graphic-properties svg:stroke-width="0.05cm" draw:fill-color="#ffcc99" draw:shadow="visible" draw:shadow-offset-x="0.2cm" draw:shadow-offset-y="0.2cm" draw:shadow-color="#808080"><text:list-style><text:list-level-style-bullet text:level="1" text:bullet-char="●"><style:list-level-properties text:space-before="0.2cm"/><style:text-properties fo:font-family="StarSymbol" style:use-window-font-color="true" fo:font-size="45%"/></text:list-level-style-bullet><text:list-level-style-bullet text:level="2" text:bullet-char="●"><style:list-level-properties text:space-before="0.6cm" text:min-label-width="0.6cm"/><style:text-properties fo:font-family="StarSymbol" style:use-window-font-color="true" fo:font-size="45%"/></text:list-level-style-bullet><text:list-level-style-bullet text:level="3" text:bullet-char="●"><style:list-level-properties text:space-before="1.2cm" text:min-label-width="0.6cm"/><style:text-properties fo:font-family="StarSymbol" style:use-window-font-color="true" fo:font-size="45%"/></text:list-level-style-bullet><text:list-level-style-bullet text:level="4" text:bullet-char="●"><style:list-level-properties text:space-before="1.8cm" text:min-label-width="0.6cm"/><style:text-properties fo:font-family="StarSymbol" style:use-window-font-color="true" fo:font-size="45%"/></text:list-level-style-bullet><text:list-level-style-bullet text:level="5" text:bullet-char="●"><style:list-level-properties text:space-before="2.4cm" text:min-label-width="0.6cm"/><style:text-properties fo:font-family="StarSymbol" style:use-window-font-color="true" fo:font-size="45%"/></text:list-level-style-bullet><text:list-level-style-bullet text:level="6" text:bullet-char="●"><style:list-level-properties text:space-before="3cm" text:min-label-width="0.6cm"/><style:text-properties fo:font-family="StarSymbol" style:use-window-font-color="true" fo:font-size="45%"/></text:list-level-style-bullet><text:list-level-style-bullet text:level="7" text:bullet-char="●"><style:list-level-properties text:space-before="3.6cm" text:min-label-width="0.6cm"/><style:text-properties fo:font-family="StarSymbol" style:use-window-font-color="true" fo:font-size="45%"/></text:list-level-style-bullet><text:list-level-style-bullet text:level="8" text:bullet-char="●"><style:list-level-properties text:space-before="4.2cm" text:min-label-width="0.6cm"/><style:text-properties fo:font-family="StarSymbol" style:use-window-font-color="true" fo:font-size="45%"/></text:list-level-style-bullet><text:list-level-style-bullet text:level="9" text:bullet-char="●"><style:list-level-properties text:space-before="4.8cm" text:min-label-width="0.6cm"/><style:text-properties fo:font-family="StarSymbol" style:use-window-font-color="true" fo:font-size="45%"/></text:list-level-style-bullet><text:list-level-style-bullet text:level="10" text:bullet-char="●"><style:list-level-properties text:space-before="5.4cm" text:min-label-width="0.6cm"/><style:text-properties fo:font-family="StarSymbol" style:use-window-font-color="true" fo:font-size="45%"/></text:list-level-style-bullet></text:list-style></style:graphic-properties><style:paragraph-properties fo:margin-left="0.2cm" fo:margin-right="0.2cm" fo:margin-top="0.1cm" fo:margin-bottom="0.1cm" fo:text-align="center" fo:text-indent="0cm"/><style:text-properties fo:font-size="36pt"/></style:style><style:style style:name="headline" style:family="graphic" style:parent-style-name="standard"><style:graphic-properties draw:stroke="none" draw:fill="none"/><style:paragraph-properties fo:margin-top="0.42cm" fo:margin-bottom="0.21cm"/><style:text-properties fo:font-size="24pt"/></style:style><style:style style:name="headline1" style:family="graphic" style:parent-style-name="standard"><style:graphic-properties draw:stroke="none" draw:fill="none"/><style:paragraph-properties fo:margin-top="0.42cm" fo:margin-bottom="0.21cm"/><style:text-properties fo:font-size="18pt" fo:font-weight="bold"/></style:style><style:style style:name="headline2" style:family="graphic" style:parent-style-name="standard"><style:graphic-properties draw:stroke="none" draw:fill="none"/><style:paragraph-properties fo:margin-top="0.42cm" fo:margin-bottom="0.21cm"/><style:text-properties fo:font-size="14pt" fo:font-style="italic" fo:font-weight="bold"/></style:style><style:style style:name="measure" style:family="graphic" style:parent-style-name="standard"><style:graphic-properties draw:stroke="solid" draw:marker-start="Arrow" draw:marker-start-width="0.2cm" draw:marker-end="Arrow" draw:marker-end-width="0.2cm" draw:fill="none"/><style:text-properties fo:font-size="12pt"/></style:style><style:style style:name="Default-title" style:family="presentation"><style:graphic-properties draw:stroke="none" draw:fill="none" draw:textarea-vertical-align="middle"><text:list-style><text:list-level-style-bullet text:level="1" text:bullet-char="•"><style:text-properties fo:font-family="Arial" style:font-family-generic="swiss" style:font-pitch="variable" fo:color="#000000" fo:font-size="100%"/></text:list-level-style-bullet><text:list-level-style-bullet text:level="2" text:bullet-char="●"><style:list-level-properties text:space-before="0.6cm" text:min-label-width="0.6cm"/><style:text-properties fo:font-family="StarSymbol" style:use-window-font-color="true" fo:font-size="45%"/></text:list-level-style-bullet><text:list-level-style-bullet text:level="3" text:bullet-char="●"><style:list-level-properties text:space-before="1.2cm" text:min-label-width="0.6cm"/><style:text-properties fo:font-family="StarSymbol" style:use-window-font-color="true" fo:font-size="45%"/></text:list-level-style-bullet><text:list-level-style-bullet text:level="4" text:bullet-char="●"><style:list-level-properties text:space-before="1.8cm" text:min-label-width="0.6cm"/><style:text-properties fo:font-family="StarSymbol" style:use-window-font-color="true" fo:font-size="45%"/></text:list-level-style-bullet><text:list-level-style-bullet text:level="5" text:bullet-char="●"><style:list-level-properties text:space-before="2.4cm" text:min-label-width="0.6cm"/><style:text-properties fo:font-family="StarSymbol" style:use-window-font-color="true" fo:font-size="45%"/></text:list-level-style-bullet><text:list-level-style-bullet text:level="6" text:bullet-char="●"><style:list-level-properties text:space-before="3cm" text:min-label-width="0.6cm"/><style:text-properties fo:font-family="StarSymbol" style:use-window-font-color="true" fo:font-size="45%"/></text:list-level-style-bullet><text:list-level-style-bullet text:level="7" text:bullet-char="●"><style:list-level-properties text:space-before="3.6cm" text:min-label-width="0.6cm"/><style:text-properties fo:font-family="StarSymbol" style:use-window-font-color="true" fo:font-size="45%"/></text:list-level-style-bullet><text:list-level-style-bullet text:level="8" text:bullet-char="●"><style:list-level-properties text:space-before="4.2cm" text:min-label-width="0.6cm"/><style:text-properties fo:font-family="StarSymbol" style:use-window-font-color="true" fo:font-size="45%"/></text:list-level-style-bullet><text:list-level-style-bullet text:level="9" text:bullet-char="●"><style:list-level-properties text:space-before="4.8cm" text:min-label-width="0.6cm"/><style:text-properties fo:font-family="StarSymbol" style:use-window-font-color="true" fo:font-size="45%"/></text:list-level-style-bullet></text:list-style></style:graphic-properties><style:paragraph-properties fo:margin-left="0cm" fo:margin-right="0cm" fo:margin-top="0cm" fo:margin-bottom="0cm" fo:line-height="103%" fo:text-align="center" text:enable-numbering="false" fo:text-indent="0cm" style:punctuation-wrap="hanging" style:line-break="strict"><style:tab-stops><style:tab-stop style:position="0cm"/><style:tab-stop style:position="1.27cm"/><style:tab-stop style:position="2.54cm"/><style:tab-stop style:position="3.81cm"/><style:tab-stop style:position="5.08cm"/><style:tab-stop style:position="6.35cm"/><style:tab-stop style:position="7.62cm"/><style:tab-stop style:position="8.89cm"/><style:tab-stop style:position="10.16cm"/><style:tab-stop style:position="11.43cm"/><style:tab-stop style:position="12.7cm"/><style:tab-stop style:position="13.97cm"/><style:tab-stop style:position="15.24cm"/><style:tab-stop style:position="16.51cm"/><style:tab-stop style:position="17.78cm"/><style:tab-stop style:position="19.05cm"/><style:tab-stop style:position="20.32cm"/><style:tab-stop style:position="21.59cm"/><style:tab-stop style:position="22.86cm"/><style:tab-stop style:position="24.13cm"/><style:tab-stop style:position="25.4cm"/></style:tab-stops></style:paragraph-properties><style:text-properties fo:color="#000000" style:text-outline="false" style:text-line-through-style="none" style:text-position="0% 100%" fo:font-family="&apos;Lucida Sans Unicode&apos;" style:font-family-generic="swiss" style:font-pitch="variable" fo:font-size="36pt" fo:font-style="normal" fo:text-shadow="none" style:text-underline-style="none" fo:font-weight="normal" style:font-family-asian="&apos;ＭＳ Ｐゴシック&apos;" style:font-pitch-asian="variable" style:font-size-asian="36pt" style:font-style-asian="normal" style:font-weight-asian="normal" style:font-family-complex="&apos;ＭＳ Ｐゴシック&apos;" style:font-pitch-complex="variable" style:font-size-complex="36pt" style:font-style-complex="normal" style:font-weight-complex="normal" style:text-emphasize="none" style:font-relief="none"/></style:style><style:style style:name="Default-subtitle" style:family="presentation"><style:graphic-properties draw:stroke="none" draw:fill="none" draw:textarea-vertical-align="middle"><text:list-style><text:list-level-style-bullet text:level="1" text:bullet-char="•"><style:text-properties fo:font-family="Arial" style:font-family-generic="swiss" style:font-pitch="variable" fo:color="#000000" fo:font-size="100%"/></text:list-level-style-bullet><text:list-level-style-bullet text:level="2" text:bullet-char="–"><style:list-level-properties text:space-before="1.27cm"/><style:text-properties fo:font-family="Arial" style:font-family-generic="swiss" style:font-pitch="variable" fo:color="#000000" fo:font-size="100%"/></text:list-level-style-bullet><text:list-level-style-bullet text:level="3" text:bullet-char="•"><style:list-level-properties text:space-before="2.54cm"/><style:text-properties fo:font-family="Arial" style:font-family-generic="swiss" style:font-pitch="variable" fo:color="#000000" fo:font-size="100%"/></text:list-level-style-bullet><text:list-level-style-bullet text:level="4" text:bullet-char="–"><style:list-level-properties text:space-before="3.81cm"/><style:text-properties fo:font-family="Arial" style:font-family-generic="swiss" style:font-pitch="variable" fo:color="#000000" fo:font-size="100%"/></text:list-level-style-bullet><text:list-level-style-bullet text:level="5" text:bullet-char="»"><style:list-level-properties text:space-before="5.08cm"/><style:text-properties fo:font-family="Arial" style:font-family-generic="swiss" style:font-pitch="variable" fo:color="#000000" fo:font-size="100%"/></text:list-level-style-bullet><text:list-level-style-bullet text:level="6" text:bullet-char="»"><style:list-level-properties text:space-before="5.08cm"/><style:text-properties fo:font-family="Arial" style:font-family-generic="swiss" style:font-pitch="variable" fo:color="#000000" fo:font-size="100%"/></text:list-level-style-bullet><text:list-level-style-bullet text:level="7" text:bullet-char="»"><style:list-level-properties text:space-before="5.08cm"/><style:text-properties fo:font-family="Arial" style:font-family-generic="swiss" style:font-pitch="variable" fo:color="#000000" fo:font-size="100%"/></text:list-level-style-bullet><text:list-level-style-bullet text:level="8" text:bullet-char="»"><style:list-level-properties text:space-before="5.08cm"/><style:text-properties fo:font-family="Arial" style:font-family-generic="swiss" style:font-pitch="variable" fo:color="#000000" fo:font-size="100%"/></text:list-level-style-bullet><text:list-level-style-bullet text:level="9" text:bullet-char="»"><style:list-level-properties text:space-before="5.08cm"/><style:text-properties fo:font-family="Arial" style:font-family-generic="swiss" style:font-pitch="variable" fo:color="#000000" fo:font-size="100%"/></text:list-level-style-bullet></text:list-style></style:graphic-properties><style:paragraph-properties fo:margin-left="0cm" fo:margin-right="0cm" fo:margin-top="0.282cm" fo:margin-bottom="0cm" fo:line-height="81%" fo:text-align="center" text:enable-numbering="false" fo:text-indent="0cm" style:punctuation-wrap="hanging" style:line-break="strict"><style:tab-stops><style:tab-stop style:position="0cm"/><style:tab-stop style:position="1.27cm"/><style:tab-stop style:position="2.54cm"/><style:tab-stop style:position="3.81cm"/><style:tab-stop style:position="5.08cm"/><style:tab-stop style:position="6.35cm"/><style:tab-stop style:position="7.62cm"/><style:tab-stop style:position="8.89cm"/><style:tab-stop style:position="10.16cm"/><style:tab-stop style:position="11.43cm"/><style:tab-stop style:position="12.7cm"/><style:tab-stop style:position="13.97cm"/><style:tab-stop style:position="15.24cm"/><style:tab-stop style:position="16.51cm"/><style:tab-stop style:position="17.78cm"/><style:tab-stop style:position="19.05cm"/><style:tab-stop style:position="20.32cm"/><style:tab-stop style:position="21.59cm"/><style:tab-stop style:position="22.86cm"/><style:tab-stop style:position="24.13cm"/><style:tab-stop style:position="25.4cm"/></style:tab-stops></style:paragraph-properties><style:text-properties fo:color="#000000" style:text-outline="false" style:text-line-through-style="none" style:text-position="0% 100%" fo:font-family="Arial" style:font-family-generic="swiss" style:font-pitch="variable" fo:font-size="32pt" fo:font-style="normal" fo:text-shadow="none" style:text-underline-style="none" fo:font-weight="normal" style:font-family-asian="&apos;ＭＳ Ｐゴシック&apos;" style:font-pitch-asian="variable" style:font-size-asian="32pt" style:font-style-asian="normal" style:font-weight-asian="normal" style:font-family-complex="&apos;ＭＳ Ｐゴシック&apos;" style:font-pitch-complex="variable" style:font-size-complex="32pt" style:font-style-complex="normal" style:font-weight-complex="normal" style:text-emphasize="none" style:font-relief="none"/></style:style><style:style style:name="Default-background" style:family="presentation"><style:graphic-properties draw:stroke="none" draw:fill="solid" draw:fill-color="#ffffff" draw:textarea-horizontal-align="center" draw:textarea-vertical-align="middle" draw:shadow="hidden"/><style:paragraph-properties fo:text-align="center"/></style:style><style:style style:name="Default-backgroundobjects" style:family="presentation"><style:graphic-properties draw:shadow="hidden" draw:shadow-offset-x="0.3cm" draw:shadow-offset-y="0.3cm" draw:shadow-color="#808080"><text:list-style><text:list-level-style-bullet text:level="1" text:bullet-char="•"><style:text-properties fo:font-family="Arial" style:font-family-generic="swiss" style:font-pitch="variable" fo:color="#000000" fo:font-size="100%"/></text:list-level-style-bullet><text:list-level-style-bullet text:level="2" text:bullet-char="•"><style:list-level-properties text:space-before="1.27cm"/><style:text-properties fo:font-family="Arial" style:font-family-generic="swiss" style:font-pitch="variable" fo:color="#000000" fo:font-size="100%"/></text:list-level-style-bullet><text:list-level-style-bullet text:level="3" text:bullet-char="•"><style:list-level-properties text:space-before="2.54cm"/><style:text-properties fo:font-family="Arial" style:font-family-generic="swiss" style:font-pitch="variable" fo:color="#000000" fo:font-size="100%"/></text:list-level-style-bullet><text:list-level-style-bullet text:level="4" text:bullet-char="•"><style:list-level-properties text:space-before="3.81cm"/><style:text-properties fo:font-family="Arial" style:font-family-generic="swiss" style:font-pitch="variable" fo:color="#000000" fo:font-size="100%"/></text:list-level-style-bullet><text:list-level-style-bullet text:level="5" text:bullet-char="•"><style:list-level-properties text:space-before="5.08cm"/><style:text-properties fo:font-family="Arial" style:font-family-generic="swiss" style:font-pitch="variable" fo:color="#000000" fo:font-size="100%"/></text:list-level-style-bullet><text:list-level-style-bullet text:level="6" text:bullet-char="•"><style:list-level-properties text:space-before="5.08cm"/><style:text-properties fo:font-family="Arial" style:font-family-generic="swiss" style:font-pitch="variable" fo:color="#000000" fo:font-size="100%"/></text:list-level-style-bullet><text:list-level-style-bullet text:level="7" text:bullet-char="•"><style:list-level-properties text:space-before="5.08cm"/><style:text-properties fo:font-family="Arial" style:font-family-generic="swiss" style:font-pitch="variable" fo:color="#000000" fo:font-size="100%"/></text:list-level-style-bullet><text:list-level-style-bullet text:level="8" text:bullet-char="•"><style:list-level-properties text:space-before="5.08cm"/><style:text-properties fo:font-family="Arial" style:font-family-generic="swiss" style:font-pitch="variable" fo:color="#000000" fo:font-size="100%"/></text:list-level-style-bullet><text:list-level-style-bullet text:level="9" text:bullet-char="•"><style:list-level-properties text:space-before="5.08cm"/><style:text-properties fo:font-family="Arial" style:font-family-generic="swiss" style:font-pitch="variable" fo:color="#000000" fo:font-size="100%"/></text:list-level-style-bullet><text:list-level-style-bullet text:level="10" text:bullet-char="•"><style:list-level-properties text:space-before="5.08cm"/><style:text-properties fo:font-family="Arial" style:font-family-generic="swiss" style:font-pitch="variable" fo:color="#000000" fo:font-size="100%"/></text:list-level-style-bullet></text:list-style></style:graphic-properties><style:paragraph-properties fo:margin-left="0cm" fo:margin-right="0cm" fo:margin-top="0cm" fo:margin-bottom="0cm" fo:line-height="95%" fo:text-align="start" text:enable-numbering="false" fo:text-indent="0cm" style:punctuation-wrap="simple" style:line-break="normal"><style:tab-stops><style:tab-stop style:position="0cm"/><style:tab-stop style:position="1.27cm"/><style:tab-stop style:position="2.54cm"/><style:tab-stop style:position="3.81cm"/><style:tab-stop style:position="5.08cm"/><style:tab-stop style:position="6.35cm"/><style:tab-stop style:position="7.62cm"/><style:tab-stop style:position="8.89cm"/><style:tab-stop style:position="10.16cm"/><style:tab-stop style:position="11.43cm"/><style:tab-stop style:position="12.7cm"/><style:tab-stop style:position="13.97cm"/><style:tab-stop style:position="15.24cm"/><style:tab-stop style:position="16.51cm"/><style:tab-stop style:position="17.78cm"/><style:tab-stop style:position="19.05cm"/><style:tab-stop style:position="20.32cm"/><style:tab-stop style:position="21.59cm"/><style:tab-stop style:position="22.86cm"/><style:tab-stop style:position="24.13cm"/><style:tab-stop style:position="25.4cm"/></style:tab-stops></style:paragraph-properties><style:text-properties fo:color="#000000" style:text-line-through-style="none" style:text-position="0% 100%" fo:font-family="&apos;Lucida Sans Unicode&apos;" style:font-family-generic="swiss" style:font-pitch="variable" fo:font-size="12pt" fo:font-style="normal" fo:text-shadow="none" style:text-underline-style="none" fo:font-weight="normal" style:font-family-asian="&apos;ＭＳ Ｐゴシック&apos;" style:font-pitch-asian="variable" style:font-size-asian="12pt" style:font-style-asian="normal" style:font-weight-asian="normal" style:font-family-complex="&apos;ＭＳ Ｐゴシック&apos;" style:font-pitch-complex="variable" style:font-size-complex="12pt" style:font-style-complex="normal" style:font-weight-complex="normal" style:font-relief="none"/></style:style><style:style style:name="Default-notes" style:family="presentation"><style:graphic-properties draw:stroke="none" draw:fill="none"><text:list-style><text:list-level-style-bullet text:level="1" text:bullet-char="•"><style:text-properties fo:font-family="&apos;Times New Roman&apos;" style:font-family-generic="roman" style:font-pitch="variable" fo:color="#000000" fo:font-size="100%"/></text:list-level-style-bullet><text:list-level-style-bullet text:level="2" text:bullet-char="–"><style:list-level-properties text:space-before="1.27cm" text:min-label-width="0.793cm"/><style:text-properties fo:font-family="&apos;Times New Roman&apos;" style:font-family-generic="roman" style:font-pitch="variable" fo:color="#000000" fo:font-size="100%"/></text:list-level-style-bullet><text:list-level-style-bullet text:level="3" text:bullet-char="•"><style:list-level-properties text:space-before="2.54cm" text:min-label-width="0.635cm"/><style:text-properties fo:font-family="&apos;Times New Roman&apos;" style:font-family-generic="roman" style:font-pitch="variable" fo:color="#000000" fo:font-size="100%"/></text:list-level-style-bullet><text:list-level-style-bullet text:level="4" text:bullet-char="–"><style:list-level-properties text:space-before="3.81cm" text:min-label-width="0.635cm"/><style:text-properties fo:font-family="&apos;Times New Roman&apos;" style:font-family-generic="roman" style:font-pitch="variable" fo:color="#000000" fo:font-size="100%"/></text:list-level-style-bullet><text:list-level-style-bullet text:level="5" text:bullet-char="»"><style:list-level-properties text:space-before="5.08cm" text:min-label-width="0.635cm"/><style:text-properties fo:font-family="&apos;Times New Roman&apos;" style:font-family-generic="roman" style:font-pitch="variable" fo:color="#000000" fo:font-size="100%"/></text:list-level-style-bullet><text:list-level-style-bullet text:level="6" text:bullet-char="»"><style:list-level-properties text:space-before="5.08cm" text:min-label-width="0.635cm"/><style:text-properties fo:font-family="&apos;Times New Roman&apos;" style:font-family-generic="roman" style:font-pitch="variable" fo:color="#000000" fo:font-size="100%"/></text:list-level-style-bullet><text:list-level-style-bullet text:level="7" text:bullet-char="»"><style:list-level-properties text:space-before="5.08cm" text:min-label-width="0.635cm"/><style:text-properties fo:font-family="&apos;Times New Roman&apos;" style:font-family-generic="roman" style:font-pitch="variable" fo:color="#000000" fo:font-size="100%"/></text:list-level-style-bullet><text:list-level-style-bullet text:level="8" text:bullet-char="»"><style:list-level-properties text:space-before="5.08cm" text:min-label-width="0.635cm"/><style:text-properties fo:font-family="&apos;Times New Roman&apos;" style:font-family-generic="roman" style:font-pitch="variable" fo:color="#000000" fo:font-size="100%"/></text:list-level-style-bullet><text:list-level-style-bullet text:level="9" text:bullet-char="»"><style:list-level-properties text:space-before="5.08cm" text:min-label-width="0.635cm"/><style:text-properties fo:font-family="&apos;Times New Roman&apos;" style:font-family-generic="roman" style:font-pitch="variable" fo:color="#000000" fo:font-size="100%"/></text:list-level-style-bullet><text:list-level-style-bullet text:level="10" text:bullet-char="»"><style:list-level-properties text:space-before="5.08cm" text:min-label-width="0.635cm"/><style:text-properties fo:font-family="&apos;Times New Roman&apos;" style:font-family-generic="roman" style:font-pitch="variable" fo:color="#000000" fo:font-size="100%"/></text:list-level-style-bullet></text:list-style></style:graphic-properties><style:paragraph-properties fo:margin-left="0cm" fo:margin-right="0cm" fo:margin-top="0.158cm" fo:margin-bottom="0cm" fo:line-height="100%" fo:text-align="start" text:enable-numbering="false" fo:text-indent="0cm" style:punctuation-wrap="simple" style:line-break="normal"><style:tab-stops><style:tab-stop style:position="0cm"/><style:tab-stop style:position="1.27cm"/><style:tab-stop style:position="2.54cm"/><style:tab-stop style:position="3.81cm"/><style:tab-stop style:position="5.08cm"/><style:tab-stop style:position="6.35cm"/><style:tab-stop style:position="7.62cm"/><style:tab-stop style:position="8.89cm"/><style:tab-stop style:position="10.16cm"/><style:tab-stop style:position="11.43cm"/><style:tab-stop style:position="12.7cm"/><style:tab-stop style:position="13.97cm"/><style:tab-stop style:position="15.24cm"/><style:tab-stop style:position="16.51cm"/><style:tab-stop style:position="17.78cm"/><style:tab-stop style:position="19.05cm"/><style:tab-stop style:position="20.32cm"/><style:tab-stop style:position="21.59cm"/><style:tab-stop style:position="22.86cm"/><style:tab-stop style:position="24.13cm"/><style:tab-stop style:position="25.4cm"/></style:tab-stops></style:paragraph-properties><style:text-properties fo:color="#000000" style:text-outline="false" style:text-line-through-style="none" style:text-position="0% 100%" fo:font-family="&apos;Times New Roman&apos;" style:font-family-generic="roman" style:font-pitch="variable" fo:font-size="12pt" fo:font-style="normal" fo:text-shadow="none" style:text-underline-style="none" fo:font-weight="normal" style:font-family-asian="&apos;MS Gothic&apos;" style:font-family-generic-asian="system" style:font-pitch-asian="variable" style:font-size-asian="12pt" style:font-style-asian="normal" style:font-weight-asian="normal" style:font-family-complex="Tahoma" style:font-family-generic-complex="system" style:font-pitch-complex="variable" style:font-size-complex="12pt" style:font-style-complex="normal" style:font-weight-complex="normal" style:text-emphasize="none" style:font-relief="none"/></style:style><style:style style:name="Default-outline1" style:family="presentation"><style:graphic-properties draw:stroke="none" draw:fill="none"><text:list-style><text:list-level-style-bullet text:level="1" text:bullet-char="•"><style:list-level-properties text:min-label-width="0.939cm"/><style:text-properties fo:font-family="Arial" style:font-family-generic="swiss" style:font-pitch="variable" fo:color="#000000" fo:font-size="100%"/></text:list-level-style-bullet><text:list-level-style-bullet text:level="2" text:bullet-char="–"><style:list-level-properties text:space-before="1.27cm" text:min-label-width="0.78cm"/><style:text-properties fo:font-family="Arial" style:font-family-generic="swiss" style:font-pitch="variable" fo:color="#000000" fo:font-size="100%"/></text:list-level-style-bullet><text:list-level-style-bullet text:level="3" text:bullet-char="•"><style:list-level-properties text:space-before="2.54cm" text:min-label-width="0.635cm"/><style:text-properties fo:font-family="Arial" style:font-family-generic="swiss" style:font-pitch="variable" fo:color="#000000" fo:font-size="100%"/></text:list-level-style-bullet><text:list-level-style-bullet text:level="4" text:bullet-char="–"><style:list-level-properties text:space-before="3.81cm" text:min-label-width="0.635cm"/><style:text-properties fo:font-family="Arial" style:font-family-generic="swiss" style:font-pitch="variable" fo:color="#000000" fo:font-size="100%"/></text:list-level-style-bullet><text:list-level-style-bullet text:level="5" text:bullet-char="»"><style:list-level-properties text:space-before="5.08cm" text:min-label-width="0.635cm"/><style:text-properties fo:font-family="Arial" style:font-family-generic="swiss" style:font-pitch="variable" fo:color="#000000" fo:font-size="100%"/></text:list-level-style-bullet><text:list-level-style-bullet text:level="6" text:bullet-char="»"><style:list-level-properties text:space-before="5.08cm" text:min-label-width="0.635cm"/><style:text-properties fo:font-family="Arial" style:font-family-generic="swiss" style:font-pitch="variable" fo:color="#000000" fo:font-size="100%"/></text:list-level-style-bullet><text:list-level-style-bullet text:level="7" text:bullet-char="»"><style:list-level-properties text:space-before="5.08cm" text:min-label-width="0.635cm"/><style:text-properties fo:font-family="Arial" style:font-family-generic="swiss" style:font-pitch="variable" fo:color="#000000" fo:font-size="100%"/></text:list-level-style-bullet><text:list-level-style-bullet text:level="8" text:bullet-char="»"><style:list-level-properties text:space-before="5.08cm" text:min-label-width="0.635cm"/><style:text-properties fo:font-family="Arial" style:font-family-generic="swiss" style:font-pitch="variable" fo:color="#000000" fo:font-size="100%"/></text:list-level-style-bullet><text:list-level-style-bullet text:level="9" text:bullet-char="●"><style:list-level-properties text:space-before="4.8cm" text:min-label-width="0.6cm"/><style:text-properties fo:font-family="StarSymbol" style:use-window-font-color="true" fo:font-size="45%"/></text:list-level-style-bullet></text:list-style></style:graphic-properties><style:paragraph-properties fo:margin-left="0.939cm" fo:margin-right="0cm" fo:margin-top="0.282cm" fo:margin-bottom="0cm" fo:line-height="86%" fo:text-align="start" text:enable-numbering="true" fo:text-indent="0cm" style:punctuation-wrap="hanging" style:line-break="strict"><style:tab-stops><style:tab-stop style:position="0.33cm"/><style:tab-stop style:position="1.6cm"/><style:tab-stop style:position="2.87cm"/><style:tab-stop style:position="4.14cm"/><style:tab-stop style:position="5.41cm"/><style:tab-stop style:position="6.68cm"/><style:tab-stop style:position="7.95cm"/><style:tab-stop style:position="9.22cm"/><style:tab-stop style:position="10.49cm"/><style:tab-stop style:position="11.76cm"/><style:tab-stop style:position="13.03cm"/><style:tab-stop style:position="14.3cm"/><style:tab-stop style:position="15.57cm"/><style:tab-stop style:position="16.84cm"/><style:tab-stop style:position="18.11cm"/><style:tab-stop style:position="19.38cm"/><style:tab-stop style:position="20.65cm"/><style:tab-stop style:position="21.92cm"/><style:tab-stop style:position="23.19cm"/><style:tab-stop style:position="24.46cm"/></style:tab-stops></style:paragraph-properties><style:text-properties fo:color="#000000" style:text-outline="false" style:text-line-through-style="none" style:text-position="0% 100%" fo:font-family="Georgia" style:font-family-generic="roman" style:font-pitch="variable" fo:font-size="32pt" fo:font-style="normal" fo:text-shadow="none" style:text-underline-style="none" fo:font-weight="normal" style:font-family-asian="&apos;ＭＳ Ｐゴシック&apos;" style:font-pitch-asian="variable" style:font-size-asian="32pt" style:font-style-asian="normal" style:font-weight-asian="normal" style:font-family-complex="&apos;ＭＳ Ｐゴシック&apos;" style:font-pitch-complex="variable" style:font-size-complex="32pt" style:font-style-complex="normal" style:font-weight-complex="normal" style:text-emphasize="none" style:font-relief="none"/></style:style><style:style style:name="Default-outline2" style:family="presentation" style:parent-style-name="Default-outline1"><style:paragraph-properties fo:margin-left="2.05cm" fo:margin-right="0cm" fo:margin-top="0.246cm" fo:margin-bottom="0cm" fo:line-height="86%" fo:text-align="start" text:enable-numbering="true" fo:text-indent="0cm" style:punctuation-wrap="hanging" style:line-break="strict"><style:tab-stops><style:tab-stop style:position="0.489cm"/><style:tab-stop style:position="1.759cm"/><style:tab-stop style:position="3.029cm"/><style:tab-stop style:position="4.299cm"/><style:tab-stop style:position="5.569cm"/><style:tab-stop style:position="6.839cm"/><style:tab-stop style:position="8.109cm"/><style:tab-stop style:position="9.379cm"/><style:tab-stop style:position="10.649cm"/><style:tab-stop style:position="11.919cm"/><style:tab-stop style:position="13.189cm"/><style:tab-stop style:position="14.459cm"/><style:tab-stop style:position="15.729cm"/><style:tab-stop style:position="16.999cm"/><style:tab-stop style:position="18.269cm"/><style:tab-stop style:position="19.539cm"/><style:tab-stop style:position="20.809cm"/><style:tab-stop style:position="22.079cm"/><style:tab-stop style:position="23.349cm"/><style:tab-stop style:position="24.619cm"/></style:tab-stops></style:paragraph-properties><style:text-properties fo:color="#000000" style:text-line-through-style="none" style:text-position="0% 100%" fo:font-family="Georgia" style:font-family-generic="roman" style:font-pitch="variable" fo:font-size="28pt" fo:font-style="normal" fo:text-shadow="none" style:text-underline-style="none" fo:font-weight="normal" style:font-family-asian="&apos;ＭＳ Ｐゴシック&apos;" style:font-pitch-asian="variable" style:font-size-asian="28pt" style:font-style-asian="normal" style:font-weight-asian="normal" style:font-family-complex="&apos;ＭＳ Ｐゴシック&apos;" style:font-pitch-complex="variable" style:font-size-complex="28pt" style:font-style-complex="normal" style:font-weight-complex="normal" style:font-relief="none"/></style:style><style:style style:name="Default-outline3" style:family="presentation" style:parent-style-name="Default-outline2"><style:paragraph-properties fo:margin-left="3.175cm" fo:margin-right="0cm" fo:margin-top="0.211cm" fo:margin-bottom="0cm" fo:line-height="86%" fo:text-align="start" text:enable-numbering="true" fo:text-indent="0cm" style:punctuation-wrap="hanging" style:line-break="strict"><style:tab-stops><style:tab-stop style:position="0.635cm"/><style:tab-stop style:position="1.905cm"/><style:tab-stop style:position="3.175cm"/><style:tab-stop style:position="4.445cm"/><style:tab-stop style:position="5.715cm"/><style:tab-stop style:position="6.985cm"/><style:tab-stop style:position="8.255cm"/><style:tab-stop style:position="9.525cm"/><style:tab-stop style:position="10.795cm"/><style:tab-stop style:position="12.065cm"/><style:tab-stop style:position="13.335cm"/><style:tab-stop style:position="14.605cm"/><style:tab-stop style:position="15.875cm"/><style:tab-stop style:position="17.145cm"/><style:tab-stop style:position="18.415cm"/><style:tab-stop style:position="19.685cm"/><style:tab-stop style:position="20.955cm"/><style:tab-stop style:position="22.225cm"/><style:tab-stop style:position="23.495cm"/><style:tab-stop style:position="24.765cm"/></style:tab-stops></style:paragraph-properties><style:text-properties fo:color="#000000" style:text-line-through-style="none" style:text-position="0% 100%" fo:font-family="Georgia" style:font-family-generic="roman" style:font-pitch="variable" fo:font-size="24pt" fo:font-style="normal" fo:text-shadow="none" style:text-underline-style="none" fo:font-weight="normal" style:font-family-asian="&apos;ＭＳ Ｐゴシック&apos;" style:font-pitch-asian="variable" style:font-size-asian="24pt" style:font-style-asian="normal" style:font-weight-asian="normal" style:font-family-complex="&apos;ＭＳ Ｐゴシック&apos;" style:font-pitch-complex="variable" style:font-size-complex="24pt" style:font-style-complex="normal" style:font-weight-complex="normal" style:font-relief="none"/></style:style><style:style style:name="Default-outline4" style:family="presentation" style:parent-style-name="Default-outline3"><style:paragraph-properties fo:margin-left="4.445cm" fo:margin-right="0cm" fo:margin-top="0.176cm" fo:margin-bottom="0cm" fo:line-height="86%" fo:text-align="start" text:enable-numbering="true" fo:text-indent="0cm" style:punctuation-wrap="hanging" style:line-break="strict"><style:tab-stops><style:tab-stop style:position="0.635cm"/><style:tab-stop style:position="1.905cm"/><style:tab-stop style:position="3.175cm"/><style:tab-stop style:position="4.445cm"/><style:tab-stop style:position="5.715cm"/><style:tab-stop style:position="6.985cm"/><style:tab-stop style:position="8.255cm"/><style:tab-stop style:position="9.525cm"/><style:tab-stop style:position="10.795cm"/><style:tab-stop style:position="12.065cm"/><style:tab-stop style:position="13.335cm"/><style:tab-stop style:position="14.605cm"/><style:tab-stop style:position="15.875cm"/><style:tab-stop style:position="17.145cm"/><style:tab-stop style:position="18.415cm"/><style:tab-stop style:position="19.685cm"/><style:tab-stop style:position="20.955cm"/><style:tab-stop style:position="22.225cm"/><style:tab-stop style:position="23.495cm"/><style:tab-stop style:position="24.765cm"/></style:tab-stops></style:paragraph-properties><style:text-properties fo:color="#000000" style:text-line-through-style="none" style:text-position="0% 100%" fo:font-family="Georgia" style:font-family-generic="roman" style:font-pitch="variable" fo:font-size="20pt" fo:font-style="normal" fo:text-shadow="none" style:text-underline-style="none" fo:font-weight="normal" style:font-family-asian="&apos;ＭＳ Ｐゴシック&apos;" style:font-pitch-asian="variable" style:font-size-asian="20pt" style:font-style-asian="normal" style:font-weight-asian="normal" style:font-family-complex="&apos;ＭＳ Ｐゴシック&apos;" style:font-pitch-complex="variable" style:font-size-complex="20pt" style:font-style-complex="normal" style:font-weight-complex="normal" style:font-relief="none"/></style:style><style:style style:name="Default-outline5" style:family="presentation" style:parent-style-name="Default-outline4"><style:paragraph-properties fo:margin-left="5.715cm" fo:margin-right="0cm" fo:margin-top="0.176cm" fo:margin-bottom="0cm" fo:line-height="86%" fo:text-align="start" text:enable-numbering="true" fo:text-indent="0cm" style:punctuation-wrap="hanging" style:line-break="strict"><style:tab-stops><style:tab-stop style:position="0.635cm"/><style:tab-stop style:position="1.905cm"/><style:tab-stop style:position="3.175cm"/><style:tab-stop style:position="4.445cm"/><style:tab-stop style:position="5.715cm"/><style:tab-stop style:position="6.985cm"/><style:tab-stop style:position="8.255cm"/><style:tab-stop style:position="9.525cm"/><style:tab-stop style:position="10.795cm"/><style:tab-stop style:position="12.065cm"/><style:tab-stop style:position="13.335cm"/><style:tab-stop style:position="14.605cm"/><style:tab-stop style:position="15.875cm"/><style:tab-stop style:position="17.145cm"/><style:tab-stop style:position="18.415cm"/><style:tab-stop style:position="19.685cm"/><style:tab-stop style:position="20.955cm"/><style:tab-stop style:position="22.225cm"/><style:tab-stop style:position="23.495cm"/></style:tab-stops></style:paragraph-properties><style:text-properties fo:color="#000000" style:text-line-through-style="none" style:text-position="0% 100%" fo:font-family="Georgia" style:font-family-generic="roman" style:font-pitch="variable" fo:font-size="20pt" fo:font-style="normal" fo:text-shadow="none" style:text-underline-style="none" fo:font-weight="normal" style:font-family-asian="&apos;ＭＳ Ｐゴシック&apos;" style:font-pitch-asian="variable" style:font-size-asian="20pt" style:font-style-asian="normal" style:font-weight-asian="normal" style:font-family-complex="&apos;ＭＳ Ｐゴシック&apos;" style:font-pitch-complex="variable" style:font-size-complex="20pt" style:font-style-complex="normal" style:font-weight-complex="normal" style:font-relief="none"/></style:style><style:style style:name="Default-outline6" style:family="presentation" style:parent-style-name="Default-outline5"><style:paragraph-properties fo:margin-left="5.715cm" fo:margin-right="0cm" fo:margin-top="0.176cm" fo:margin-bottom="0cm" fo:line-height="86%" fo:text-align="start" text:enable-numbering="true" fo:text-indent="0cm" style:punctuation-wrap="hanging" style:line-break="strict"><style:tab-stops><style:tab-stop style:position="0.635cm"/><style:tab-stop style:position="1.905cm"/><style:tab-stop style:position="3.175cm"/><style:tab-stop style:position="4.445cm"/><style:tab-stop style:position="5.715cm"/><style:tab-stop style:position="6.985cm"/><style:tab-stop style:position="8.255cm"/><style:tab-stop style:position="9.525cm"/><style:tab-stop style:position="10.795cm"/><style:tab-stop style:position="12.065cm"/><style:tab-stop style:position="13.335cm"/><style:tab-stop style:position="14.605cm"/><style:tab-stop style:position="15.875cm"/><style:tab-stop style:position="17.145cm"/><style:tab-stop style:position="18.415cm"/><style:tab-stop style:position="19.685cm"/><style:tab-stop style:position="20.955cm"/><style:tab-stop style:position="22.225cm"/><style:tab-stop style:position="23.495cm"/></style:tab-stops></style:paragraph-properties><style:text-properties fo:color="#000000" style:text-line-through-style="none" style:text-position="0% 100%" fo:font-family="Georgia" style:font-family-generic="roman" style:font-pitch="variable" fo:font-size="20pt" fo:font-style="normal" fo:text-shadow="none" style:text-underline-style="none" fo:font-weight="normal" style:font-family-asian="&apos;ＭＳ Ｐゴシック&apos;" style:font-pitch-asian="variable" style:font-size-asian="20pt" style:font-style-asian="normal" style:font-weight-asian="normal" style:font-family-complex="&apos;ＭＳ Ｐゴシック&apos;" style:font-pitch-complex="variable" style:font-size-complex="20pt" style:font-style-complex="normal" style:font-weight-complex="normal" style:font-relief="none"/></style:style><style:style style:name="Default-outline7" style:family="presentation" style:parent-style-name="Default-outline6"><style:paragraph-properties fo:margin-left="5.715cm" fo:margin-right="0cm" fo:margin-top="0.176cm" fo:margin-bottom="0cm" fo:line-height="86%" fo:text-align="start" text:enable-numbering="true" fo:text-indent="0cm" style:punctuation-wrap="hanging" style:line-break="strict"><style:tab-stops><style:tab-stop style:position="0.635cm"/><style:tab-stop style:position="1.905cm"/><style:tab-stop style:position="3.175cm"/><style:tab-stop style:position="4.445cm"/><style:tab-stop style:position="5.715cm"/><style:tab-stop style:position="6.985cm"/><style:tab-stop style:position="8.255cm"/><style:tab-stop style:position="9.525cm"/><style:tab-stop style:position="10.795cm"/><style:tab-stop style:position="12.065cm"/><style:tab-stop style:position="13.335cm"/><style:tab-stop style:position="14.605cm"/><style:tab-stop style:position="15.875cm"/><style:tab-stop style:position="17.145cm"/><style:tab-stop style:position="18.415cm"/><style:tab-stop style:position="19.685cm"/><style:tab-stop style:position="20.955cm"/><style:tab-stop style:position="22.225cm"/><style:tab-stop style:position="23.495cm"/></style:tab-stops></style:paragraph-properties><style:text-properties fo:color="#000000" style:text-line-through-style="none" style:text-position="0% 100%" fo:font-family="Georgia" style:font-family-generic="roman" style:font-pitch="variable" fo:font-size="20pt" fo:font-style="normal" fo:text-shadow="none" style:text-underline-style="none" fo:font-weight="normal" style:font-family-asian="&apos;ＭＳ Ｐゴシック&apos;" style:font-pitch-asian="variable" style:font-size-asian="20pt" style:font-style-asian="normal" style:font-weight-asian="normal" style:font-family-complex="&apos;ＭＳ Ｐゴシック&apos;" style:font-pitch-complex="variable" style:font-size-complex="20pt" style:font-style-complex="normal" style:font-weight-complex="normal" style:font-relief="none"/></style:style><style:style style:name="Default-outline8" style:family="presentation" style:parent-style-name="Default-outline7"><style:paragraph-properties fo:margin-left="5.715cm" fo:margin-right="0cm" fo:margin-top="0.176cm" fo:margin-bottom="0cm" fo:line-height="86%" fo:text-align="start" text:enable-numbering="true" fo:text-indent="0cm" style:punctuation-wrap="hanging" style:line-break="strict"><style:tab-stops><style:tab-stop style:position="0.635cm"/><style:tab-stop style:position="1.905cm"/><style:tab-stop style:position="3.175cm"/><style:tab-stop style:position="4.445cm"/><style:tab-stop style:position="5.715cm"/><style:tab-stop style:position="6.985cm"/><style:tab-stop style:position="8.255cm"/><style:tab-stop style:position="9.525cm"/><style:tab-stop style:position="10.795cm"/><style:tab-stop style:position="12.065cm"/><style:tab-stop style:position="13.335cm"/><style:tab-stop style:position="14.605cm"/><style:tab-stop style:position="15.875cm"/><style:tab-stop style:position="17.145cm"/><style:tab-stop style:position="18.415cm"/><style:tab-stop style:position="19.685cm"/><style:tab-stop style:position="20.955cm"/><style:tab-stop style:position="22.225cm"/><style:tab-stop style:position="23.495cm"/></style:tab-stops></style:paragraph-properties><style:text-properties fo:color="#000000" style:text-line-through-style="none" style:text-position="0% 100%" fo:font-family="Georgia" style:font-family-generic="roman" style:font-pitch="variable" fo:font-size="20pt" fo:font-style="normal" fo:text-shadow="none" style:text-underline-style="none" fo:font-weight="normal" style:font-family-asian="&apos;ＭＳ Ｐゴシック&apos;" style:font-pitch-asian="variable" style:font-size-asian="20pt" style:font-style-asian="normal" style:font-weight-asian="normal" style:font-family-complex="&apos;ＭＳ Ｐゴシック&apos;" style:font-pitch-complex="variable" style:font-size-complex="20pt" style:font-style-complex="normal" style:font-weight-complex="normal" style:font-relief="none"/></style:style><style:style style:name="Default-outline9" style:family="presentation" style:parent-style-name="Default-outline8"><style:paragraph-properties fo:margin-left="5.715cm" fo:margin-right="0cm" fo:margin-top="0.176cm" fo:margin-bottom="0cm" fo:line-height="86%" fo:text-align="start" text:enable-numbering="true" fo:text-indent="0cm" style:punctuation-wrap="hanging" style:line-break="strict"><style:tab-stops><style:tab-stop style:position="0.635cm"/><style:tab-stop style:position="1.905cm"/><style:tab-stop style:position="3.175cm"/><style:tab-stop style:position="4.445cm"/><style:tab-stop style:position="5.715cm"/><style:tab-stop style:position="6.985cm"/><style:tab-stop style:position="8.255cm"/><style:tab-stop style:position="9.525cm"/><style:tab-stop style:position="10.795cm"/><style:tab-stop style:position="12.065cm"/><style:tab-stop style:position="13.335cm"/><style:tab-stop style:position="14.605cm"/><style:tab-stop style:position="15.875cm"/><style:tab-stop style:position="17.145cm"/><style:tab-stop style:position="18.415cm"/><style:tab-stop style:position="19.685cm"/><style:tab-stop style:position="20.955cm"/><style:tab-stop style:position="22.225cm"/><style:tab-stop style:position="23.495cm"/></style:tab-stops></style:paragraph-properties><style:text-properties fo:color="#000000" style:text-line-through-style="none" style:text-position="0% 100%" fo:font-family="Georgia" style:font-family-generic="roman" style:font-pitch="variable" fo:font-size="20pt" fo:font-style="normal" fo:text-shadow="none" style:text-underline-style="none" fo:font-weight="normal" style:font-family-asian="&apos;ＭＳ Ｐゴシック&apos;" style:font-pitch-asian="variable" style:font-size-asian="20pt" style:font-style-asian="normal" style:font-weight-asian="normal" style:font-family-complex="&apos;ＭＳ Ｐゴシック&apos;" style:font-pitch-complex="variable" style:font-size-complex="20pt" style:font-style-complex="normal" style:font-weight-complex="normal" style:font-relief="none"/></style:style><style:presentation-page-layout style:name="AL0T26"><presentation:placeholder presentation:object="handout" svg:x="2.058cm" svg:y="1.743cm" svg:width="6.104cm" svg:height="-0.233cm"/><presentation:placeholder presentation:object="handout" svg:x="10.962cm" svg:y="1.743cm" svg:width="6.104cm" svg:height="-0.233cm"/><presentation:placeholder presentation:object="handout" svg:x="19.866cm" svg:y="1.743cm" svg:width="6.104cm" svg:height="-0.233cm"/><presentation:placeholder presentation:object="handout" svg:x="2.058cm" svg:y="3.612cm" svg:width="6.104cm" svg:height="-0.233cm"/><presentation:placeholder presentation:object="handout" svg:x="10.962cm" svg:y="3.612cm" svg:width="6.104cm" svg:height="-0.233cm"/><presentation:placeholder presentation:object="handout" svg:x="19.866cm" svg:y="3.612cm" svg:width="6.104cm" svg:height="-0.233cm"/><presentation:placeholder presentation:object="handout" svg:x="2.058cm" svg:y="5.481cm" svg:width="6.104cm" svg:height="-0.233cm"/><presentation:placeholder presentation:object="handout" svg:x="10.962cm" svg:y="5.481cm" svg:width="6.104cm" svg:height="-0.233cm"/><presentation:placeholder presentation:object="handout" svg:x="19.866cm" svg:y="5.481cm" svg:width="6.104cm" svg:height="-0.233cm"/></style:presentation-page-layout><style:presentation-page-layout style:name="AL1T0"><presentation:placeholder presentation:object="title" svg:x="2.058cm" svg:y="1.743cm" svg:width="23.912cm" svg:height="3.507cm"/><presentation:placeholder presentation:object="subtitle" svg:x="2.058cm" svg:y="5.838cm" svg:width="23.912cm" svg:height="13.23cm"/></style:presentation-page-layout><style:presentation-page-layout style:name="AL2T1"><presentation:placeholder presentation:object="title" svg:x="2.058cm" svg:y="1.743cm" svg:width="23.912cm" svg:height="3.507cm"/><presentation:placeholder presentation:object="outline" svg:x="2.058cm" svg:y="5.838cm" svg:width="23.912cm" svg:height="13.23cm"/></style:presentation-page-layout></office:styles><office:automatic-styles><style:page-layout style:name="PM0"><style:page-layout-properties fo:margin-top="0cm" fo:margin-bottom="0cm" fo:margin-left="0cm" fo:margin-right="0cm" fo:page-width="19.05cm" fo:page-height="25.4cm" style:print-orientation="portrait"/></style:page-layout><style:page-layout style:name="PM1"><style:page-layout-properties fo:margin-top="0cm" fo:margin-bottom="0cm" fo:margin-left="0cm" fo:margin-right="0cm" fo:page-width="25.4cm" fo:page-height="19.05cm" style:print-orientation="landscape"/></style:page-layout><style:style style:name="dp1" style:family="drawing-page"><style:drawing-page-properties draw:background-size="border" draw:fill="solid" draw:fill-color="#ffffff"/></style:style><style:style style:name="dp2" style:family="drawing-page"><style:drawing-page-properties presentation:display-header="true" presentation:display-footer="true" presentation:display-page-number="false" presentation:display-date-time="true"/></style:style><style:style style:name="gr1" style:family="graphic" style:parent-style-name="standard"><style:graphic-properties draw:stroke="none" draw:fill="none" draw:fill-color="#ffffff" draw:auto-grow-height="false" fo:min-height="1.27cm"/></style:style><style:style style:name="gr2" style:family="graphic" style:parent-style-name="standard"><style:graphic-properties draw:stroke="none" draw:fill="none" draw:fill-color="#ffffff" draw:textarea-vertical-align="bottom" draw:auto-grow-height="false" fo:min-height="1.27cm"/></style:style><style:style style:name="gr3" style:family="graphic" style:parent-style-name="standard"><style:graphic-properties draw:stroke="none" svg:stroke-width="0.026cm" svg:stroke-color="#000000" draw:stroke-linejoin="miter" draw:fill="solid" draw:fill-color="#ffffff" draw:textarea-horizontal-align="center" draw:textarea-vertical-align="middle" draw:shadow="hidden" style:protect="position size"/></style:style><style:style style:name="gr4" style:family="graphic" style:parent-style-name="standard"><style:graphic-properties draw:stroke="none" draw:fill="solid" draw:fill-color="#ffffff" draw:textarea-horizontal-align="left" draw:textarea-vertical-align="middle" draw:auto-grow-height="false" fo:padding-top="0.13cm" fo:padding-bottom="0.13cm" fo:padding-left="0.25cm" fo:padding-right="0.25cm" fo:wrap-option="wrap" draw:shadow="hidden"/></style:style><style:style style:name="pr1" style:family="presentation" style:parent-style-name="Default-backgroundobjects" style:list-style-name="L1"><style:graphic-properties draw:stroke="none" draw:fill="none" draw:fill-color="#ffffff" draw:textarea-horizontal-align="justify" draw:textarea-vertical-align="top" draw:auto-grow-height="false" draw:auto-grow-width="false" fo:min-height="1.258cm" fo:min-width="0cm" fo:padding-top="0.13cm" fo:padding-bottom="0.13cm" fo:padding-left="0.25cm" fo:padding-right="0.25cm" fo:wrap-option="no-wrap" draw:shadow="hidden" draw:shadow-color="#808080"/></style:style><style:style style:name="pr2" style:family="presentation" style:parent-style-name="Default-backgroundobjects" style:list-style-name="L1"><style:graphic-properties draw:stroke="none" draw:fill="none" draw:fill-color="#ffffff" draw:textarea-horizontal-align="justify" draw:textarea-vertical-align="top" draw:auto-grow-height="false" draw:auto-grow-width="false" fo:min-height="1.258cm" fo:min-width="0cm" fo:padding-top="0.13cm" fo:padding-bottom="0.13cm" fo:padding-left="0.25cm" fo:padding-right="0.25cm" fo:wrap-option="no-wrap" draw:shadow="hidden" draw:shadow-color="#808080"/></style:style><style:style style:name="pr3" style:family="presentation" style:parent-style-name="Default-backgroundobjects" style:list-style-name="L1"><style:graphic-properties draw:stroke="none" draw:fill="none" draw:fill-color="#ffffff" draw:textarea-horizontal-align="justify" draw:textarea-vertical-align="top" draw:auto-grow-height="false" draw:auto-grow-width="false" fo:min-height="1.258cm" fo:min-width="0cm" fo:padding-top="0.13cm" fo:padding-bottom="0.13cm" fo:padding-left="0.25cm" fo:padding-right="0.25cm" fo:wrap-option="no-wrap" draw:shadow="hidden" draw:shadow-color="#808080"/></style:style><style:style style:name="pr4" style:family="presentation" style:parent-style-name="Default-backgroundobjects" style:list-style-name="L1"><style:graphic-properties draw:stroke="none" draw:fill="none" draw:fill-color="#ffffff" draw:textarea-horizontal-align="justify" draw:textarea-vertical-align="top" draw:auto-grow-height="false" draw:auto-grow-width="false" fo:min-height="1.268cm" fo:min-width="0cm" fo:padding-top="0.13cm" fo:padding-bottom="0.13cm" fo:padding-left="0.25cm" fo:padding-right="0.25cm" fo:wrap-option="no-wrap" draw:shadow="hidden" draw:shadow-color="#808080"/></style:style><style:style style:name="pr5" style:family="presentation" style:parent-style-name="Default-backgroundobjects" style:list-style-name="L1"><style:graphic-properties draw:stroke="none" draw:fill="none" draw:fill-color="#ffffff" draw:textarea-horizontal-align="justify" draw:textarea-vertical-align="top" draw:auto-grow-height="false" draw:auto-grow-width="false" fo:min-height="1.268cm" fo:min-width="0cm" fo:padding-top="0.13cm" fo:padding-bottom="0.13cm" fo:padding-left="0.25cm" fo:padding-right="0.25cm" fo:wrap-option="no-wrap" draw:shadow="hidden" draw:shadow-color="#808080"/></style:style><style:style style:name="pr6" style:family="presentation" style:parent-style-name="Default-backgroundobjects" style:list-style-name="L1"><style:graphic-properties draw:stroke="none" draw:fill="none" draw:fill-color="#ffffff" draw:textarea-horizontal-align="justify" draw:textarea-vertical-align="bottom" draw:auto-grow-height="false" draw:auto-grow-width="false" fo:min-height="1.268cm" fo:min-width="0cm" fo:padding-top="0.13cm" fo:padding-bottom="0.13cm" fo:padding-left="0.25cm" fo:padding-right="0.25cm" fo:wrap-option="no-wrap" draw:shadow="hidden" draw:shadow-color="#808080"/></style:style><style:style style:name="pr7" style:family="presentation" style:parent-style-name="Default-backgroundobjects" style:list-style-name="L1"><style:graphic-properties draw:stroke="none" draw:fill="none" draw:fill-color="#ffffff" draw:textarea-horizontal-align="justify" draw:textarea-vertical-align="bottom" draw:auto-grow-height="false" draw:auto-grow-width="false" fo:min-height="1.268cm" fo:min-width="0cm" fo:padding-top="0.13cm" fo:padding-bottom="0.13cm" fo:padding-left="0.25cm" fo:padding-right="0.25cm" fo:wrap-option="no-wrap" draw:shadow="hidden" draw:shadow-color="#808080"/></style:style><style:style style:name="P1" style:family="paragraph"><style:paragraph-properties fo:margin-left="0cm" fo:margin-right="0cm" fo:text-indent="0cm"/><style:text-properties fo:font-size="14pt" style:font-size-asian="14pt" style:font-size-complex="14pt"/></style:style><style:style style:name="P2" style:family="paragraph"><style:paragraph-properties fo:margin-left="0cm" fo:margin-right="0cm" fo:text-align="end" fo:text-indent="0cm"/><style:text-properties fo:font-size="14pt" style:font-size-asian="14pt" style:font-size-complex="14pt"/></style:style><style:style style:name="P3" style:family="paragraph"><style:paragraph-properties fo:margin-left="0cm" fo:margin-right="0cm" fo:line-height="93%" text:enable-numbering="false" fo:text-indent="0cm" style:writing-mode="lr-tb"/></style:style><style:style style:name="P4" style:family="paragraph"><style:paragraph-properties fo:margin-left="0cm" fo:margin-right="0cm" fo:line-height="93%" fo:text-align="center" text:enable-numbering="false" fo:text-indent="0cm" style:writing-mode="lr-tb"/></style:style><style:style style:name="P5" style:family="paragraph"><style:paragraph-properties fo:margin-left="0cm" fo:margin-right="0cm" fo:line-height="93%" fo:text-align="end" text:enable-numbering="false" fo:text-indent="0cm" style:writing-mode="lr-tb"/></style:style><style:style style:name="P6" style:family="paragraph"><style:paragraph-properties fo:text-align="center"/></style:style><style:style style:name="P7" style:family="paragraph"><style:paragraph-properties style:writing-mode="lr-tb"/></style:style><style:style style:name="T1" style:family="text"><style:text-properties fo:font-size="14pt" style:font-size-asian="14pt" style:font-size-complex="14pt"/></style:style><style:style style:name="T2" style:family="text"><style:text-properties fo:font-family="Arial" style:font-family-generic="swiss" style:font-pitch="variable" fo:font-size="14pt" fo:language="en" fo:country="GB" style:font-size-asian="14pt" style:font-size-complex="14pt"/></style:style><style:style style:name="T3" style:family="text"><style:text-properties fo:font-family="Arial" style:font-family-generic="swiss" style:font-pitch="variable" fo:font-size="12pt" fo:language="en" fo:country="GB" style:font-size-asian="12pt" style:font-size-complex="12pt"/></style:style><text:list-style style:name="L1"><text:list-level-style-bullet text:level="1" text:bullet-char="•"><style:text-properties fo:font-family="Arial" style:font-family-generic="swiss" style:font-pitch="variable" fo:color="#000000" fo:font-size="100%"/></text:list-level-style-bullet><text:list-level-style-bullet text:level="2" text:bullet-char="•"><style:list-level-properties text:space-before="1.27cm"/><style:text-properties fo:font-family="Arial" style:font-family-generic="swiss" style:font-pitch="variable" fo:color="#000000" fo:font-size="100%"/></text:list-level-style-bullet><text:list-level-style-bullet text:level="3" text:bullet-char="•"><style:list-level-properties text:space-before="2.54cm"/><style:text-properties fo:font-family="Arial" style:font-family-generic="swiss" style:font-pitch="variable" fo:color="#000000" fo:font-size="100%"/></text:list-level-style-bullet><text:list-level-style-bullet text:level="4" text:bullet-char="•"><style:list-level-properties text:space-before="3.81cm"/><style:text-properties fo:font-family="Arial" style:font-family-generic="swiss" style:font-pitch="variable" fo:color="#000000" fo:font-size="100%"/></text:list-level-style-bullet><text:list-level-style-bullet text:level="5" text:bullet-char="•"><style:list-level-properties text:space-before="5.08cm"/><style:text-properties fo:font-family="Arial" style:font-family-generic="swiss" style:font-pitch="variable" fo:color="#000000" fo:font-size="100%"/></text:list-level-style-bullet><text:list-level-style-bullet text:level="6" text:bullet-char="•"><style:list-level-properties text:space-before="5.08cm"/><style:text-properties fo:font-family="Arial" style:font-family-generic="swiss" style:font-pitch="variable" fo:color="#000000" fo:font-size="100%"/></text:list-level-style-bullet><text:list-level-style-bullet text:level="7" text:bullet-char="•"><style:list-level-properties text:space-before="5.08cm"/><style:text-properties fo:font-family="Arial" style:font-family-generic="swiss" style:font-pitch="variable" fo:color="#000000" fo:font-size="100%"/></text:list-level-style-bullet><text:list-level-style-bullet text:level="8" text:bullet-char="•"><style:list-level-properties text:space-before="5.08cm"/><style:text-properties fo:font-family="Arial" style:font-family-generic="swiss" style:font-pitch="variable" fo:color="#000000" fo:font-size="100%"/></text:list-level-style-bullet><text:list-level-style-bullet text:level="9" text:bullet-char="•"><style:list-level-properties text:space-before="5.08cm"/><style:text-properties fo:font-family="Arial" style:font-family-generic="swiss" style:font-pitch="variable" fo:color="#000000" fo:font-size="100%"/></text:list-level-style-bullet><text:list-level-style-bullet text:level="10" text:bullet-char="•"><style:list-level-properties text:space-before="5.08cm"/><style:text-properties fo:font-family="Arial" style:font-family-generic="swiss" style:font-pitch="variable" fo:color="#000000" fo:font-size="100%"/></text:list-level-style-bullet></text:list-style></office:automatic-styles><office:master-styles><draw:layer-set><draw:layer draw:name="layout"/><draw:layer draw:name="background"/><draw:layer draw:name="backgroundobjects"/><draw:layer draw:name="controls"/><draw:layer draw:name="measurelines"/></draw:layer-set><style:handout-master presentation:presentation-page-layout-name="AL0T26" style:page-layout-name="PM0" draw:style-name="dp2"><draw:page-thumbnail draw:layer="backgroundobjects" svg:width="6.095cm" svg:height="4.571cm" svg:x="2.19cm" svg:y="3.556cm" draw:page-number="1"/><draw:page-thumbnail draw:layer="backgroundobjects" svg:width="6.095cm" svg:height="4.571cm" svg:x="10.762cm" svg:y="3.556cm"/><draw:page-thumbnail draw:layer="backgroundobjects" svg:width="6.095cm" svg:height="4.571cm" svg:x="2.19cm" svg:y="10.414cm"/><draw:page-thumbnail draw:layer="backgroundobjects" svg:width="6.095cm" svg:height="4.571cm" svg:x="10.762cm" svg:y="10.414cm"/><draw:page-thumbnail draw:layer="backgroundobjects" svg:width="6.095cm" svg:height="4.571cm" svg:x="2.19cm" svg:y="17.272cm"/><draw:page-thumbnail draw:layer="backgroundobjects" svg:width="6.095cm" svg:height="4.571cm" svg:x="10.762cm" svg:y="17.272cm"/><draw:frame draw:style-name="gr1" draw:text-style-name="P1" draw:layer="backgroundobjects" svg:width="8.266cm" svg:height="1.269cm" svg:x="0cm" svg:y="0cm" presentation:class="header"><draw:text-box><text:p text:style-name="P1"><text:span text:style-name="T1"><presentation:header/></text:span></text:p></draw:text-box></draw:frame><draw:frame draw:style-name="gr1" draw:text-style-name="P2" draw:layer="backgroundobjects" svg:width="8.266cm" svg:height="1.269cm" svg:x="10.783cm" svg:y="0cm" presentation:class="date-time"><draw:text-box><text:p text:style-name="P2"><text:span text:style-name="T1"><presentation:date-time/></text:span></text:p></draw:text-box></draw:frame><draw:frame draw:style-name="gr2" draw:text-style-name="P1" draw:layer="backgroundobjects" svg:width="8.266cm" svg:height="1.269cm" svg:x="0cm" svg:y="24.13cm" presentation:class="footer"><draw:text-box><text:p text:style-name="P1"><text:span text:style-name="T1"><presentation:footer/></text:span></text:p></draw:text-box></draw:frame><draw:frame draw:style-name="gr2" draw:text-style-name="P2" draw:layer="backgroundobjects" svg:width="8.266cm" svg:height="1.269cm" svg:x="10.783cm" svg:y="24.13cm" presentation:class="page-number"><draw:text-box><text:p text:style-name="P2"><text:span text:style-name="T1"><text:page-number>&lt;number&gt;</text:page-number></text:span></text:p></draw:text-box></draw:frame></style:handout-master><style:master-page style:name="Default" style:page-layout-name="PM1" draw:style-name="dp1"><draw:frame presentation:style-name="Default-title" draw:layer="backgroundobjects" svg:width="21.577cm" svg:height="3.974cm" svg:x="1.904cm" svg:y="1.287cm" presentation:class="title" presentation:placeholder="true"><draw:text-box/></draw:frame><draw:frame presentation:style-name="Default-outline1" draw:layer="backgroundobjects" svg:width="21.577cm" svg:height="11.427cm" svg:x="1.904cm" svg:y="5.503cm" presentation:class="outline" presentation:placeholder="true"><draw:text-box/></draw:frame><draw:frame presentation:style-name="pr1" draw:text-style-name="P3" draw:layer="backgroundobjects" svg:width="5.278cm" svg:height="1.257cm" svg:x="1.905cm" svg:y="17.357cm" presentation:class="date-time"><draw:text-box><text:p text:style-name="P3"><text:span text:style-name="T2"><presentation:date-time/></text:span></text:p></draw:text-box></draw:frame><draw:frame presentation:style-name="pr2" draw:text-style-name="P4" draw:layer="backgroundobjects" svg:width="8.03cm" svg:height="1.257cm" svg:x="8.678cm" svg:y="17.357cm" presentation:class="footer"><draw:text-box><text:p text:style-name="P4"><text:span text:style-name="T2"><presentation:footer/></text:span></text:p></draw:text-box></draw:frame><draw:frame presentation:style-name="pr3" draw:text-style-name="P5" draw:layer="backgroundobjects" svg:width="5.279cm" svg:height="1.257cm" svg:x="18.202cm" svg:y="17.357cm" presentation:class="page-number"><draw:text-box><text:p text:style-name="P5"><text:span text:style-name="T2"><text:page-number>&lt;number&gt;</text:page-number></text:span></text:p></draw:text-box></draw:frame><presentation:notes style:page-layout-name="PM0"><draw:rect draw:style-name="gr3" draw:text-style-name="P6" draw:layer="backgroundobjects" svg:width="19.05cm" svg:height="25.4cm" svg:x="0cm" svg:y="0cm"><text:p/></draw:rect><draw:custom-shape draw:style-name="gr4" draw:text-style-name="P7" draw:layer="backgroundobjects" svg:width="19.05cm" svg:height="25.4cm" svg:x="0cm" svg:y="0cm"><text:p/><draw:enhanced-geometry svg:viewBox="0 0 21600 21600" draw:path-stretchpoint-x="10800" draw:path-stretchpoint-y="10800" draw:text-areas="?f3 ?f4 ?f5 ?f6" draw:type="round-rectangle" draw:modifiers="5" draw:enhanced-path="M ?f7 0 X 0 ?f8 L 0 ?f9 Y ?f7 21600 L ?f10 21600 X 21600 ?f9 L 21600 ?f8 Y ?f10 0 Z N"><draw:equation draw:name="f0" draw:formula="45"/><draw:equation draw:name="f1" draw:formula="$0 *sin(?f0 *(pi/180))"/><draw:equation draw:name="f2" draw:formula="?f1 *3163/7636"/><draw:equation draw:name="f3" draw:formula="left+?f2 "/><draw:equation draw:name="f4" draw:formula="top+?f2 "/><draw:equation draw:name="f5" draw:formula="right-?f2 "/><draw:equation draw:name="f6" draw:formula="bottom-?f2 "/><draw:equation draw:name="f7" draw:formula="left+$0 "/><draw:equation draw:name="f8" draw:formula="top+$0 "/><draw:equation draw:name="f9" draw:formula="bottom-$0 "/><draw:equation draw:name="f10" draw:formula="right-$0 "/><draw:handle draw:handle-position="$0 top" draw:handle-switched="true" draw:handle-range-x-minimum="0" draw:handle-range-x-maximum="10800"/></draw:enhanced-geometry></draw:custom-shape><draw:custom-shape draw:style-name="gr4" draw:text-style-name="P7" draw:layer="backgroundobjects" svg:width="19.05cm" svg:height="25.4cm" svg:x="0cm" svg:y="0cm"><text:p/><draw:enhanced-geometry svg:viewBox="0 0 21600 21600" draw:path-stretchpoint-x="10800" draw:path-stretchpoint-y="10800" draw:text-areas="?f3 ?f4 ?f5 ?f6" draw:type="round-rectangle" draw:modifiers="5" draw:enhanced-path="M ?f7 0 X 0 ?f8 L 0 ?f9 Y ?f7 21600 L ?f10 21600 X 21600 ?f9 L 21600 ?f8 Y ?f10 0 Z N"><draw:equation draw:name="f0" draw:formula="45"/><draw:equation draw:name="f1" draw:formula="$0 *sin(?f0 *(pi/180))"/><draw:equation draw:name="f2" draw:formula="?f1 *3163/7636"/><draw:equation draw:name="f3" draw:formula="left+?f2 "/><draw:equation draw:name="f4" draw:formula="top+?f2 "/><draw:equation draw:name="f5" draw:formula="right-?f2 "/><draw:equation draw:name="f6" draw:formula="bottom-?f2 "/><draw:equation draw:name="f7" draw:formula="left+$0 "/><draw:equation draw:name="f8" draw:formula="top+$0 "/><draw:equation draw:name="f9" draw:formula="bottom-$0 "/><draw:equation draw:name="f10" draw:formula="right-$0 "/><draw:handle draw:handle-position="$0 top" draw:handle-switched="true" draw:handle-range-x-minimum="0" draw:handle-range-x-maximum="10800"/></draw:enhanced-geometry></draw:custom-shape><draw:custom-shape draw:style-name="gr4" draw:text-style-name="P7" draw:layer="backgroundobjects" svg:width="19.05cm" svg:height="25.4cm" svg:x="0cm" svg:y="0cm"><text:p/><draw:enhanced-geometry svg:viewBox="0 0 21600 21600" draw:path-stretchpoint-x="10800" draw:path-stretchpoint-y="10800" draw:text-areas="?f3 ?f4 ?f5 ?f6" draw:type="round-rectangle" draw:modifiers="5" draw:enhanced-path="M ?f7 0 X 0 ?f8 L 0 ?f9 Y ?f7 21600 L ?f10 21600 X 21600 ?f9 L 21600 ?f8 Y ?f10 0 Z N"><draw:equation draw:name="f0" draw:formula="45"/><draw:equation draw:name="f1" draw:formula="$0 *sin(?f0 *(pi/180))"/><draw:equation draw:name="f2" draw:formula="?f1 *3163/7636"/><draw:equation draw:name="f3" draw:formula="left+?f2 "/><draw:equation draw:name="f4" draw:formula="top+?f2 "/><draw:equation draw:name="f5" draw:formula="right-?f2 "/><draw:equation draw:name="f6" draw:formula="bottom-?f2 "/><draw:equation draw:name="f7" draw:formula="left+$0 "/><draw:equation draw:name="f8" draw:formula="top+$0 "/><draw:equation draw:name="f9" draw:formula="bottom-$0 "/><draw:equation draw:name="f10" draw:formula="right-$0 "/><draw:handle draw:handle-position="$0 top" draw:handle-switched="true" draw:handle-range-x-minimum="0" draw:handle-range-x-maximum="10800"/></draw:enhanced-geometry></draw:custom-shape><draw:frame presentation:style-name="pr4" draw:text-style-name="P3" draw:layer="backgroundobjects" svg:width="8.242cm" svg:height="1.267cm" svg:x="0cm" svg:y="0cm" presentation:class="header"><draw:text-box><text:p text:style-name="P3"><text:span text:style-name="T3"><presentation:header/></text:span></text:p></draw:text-box></draw:frame><draw:frame presentation:style-name="pr5" draw:text-style-name="P5" draw:layer="backgroundobjects" svg:width="8.242cm" svg:height="1.267cm" svg:x="10.795cm" svg:y="0cm" presentation:class="date-time"><draw:text-box><text:p text:style-name="P5"><text:span text:style-name="T3"><presentation:date-time/></text:span></text:p></draw:text-box></draw:frame><draw:page-thumbnail presentation:style-name="Default-title" draw:layer="backgroundobjects" svg:width="12.687cm" svg:height="9.522cm" svg:x="3.174cm" svg:y="1.904cm" presentation:class="page"/><draw:frame presentation:style-name="Default-notes" draw:layer="backgroundobjects" svg:width="13.957cm" svg:height="11.427cm" svg:x="2.539cm" svg:y="12.065cm" presentation:class="notes" presentation:placeholder="true"><draw:text-box/></draw:frame><draw:frame presentation:style-name="pr6" draw:text-style-name="P3" draw:layer="backgroundobjects" svg:width="8.242cm" svg:height="1.267cm" svg:x="0cm" svg:y="24.129cm" presentation:class="footer"><draw:text-box><text:p text:style-name="P3"><text:span text:style-name="T3"><presentation:footer/></text:span></text:p></draw:text-box></draw:frame><draw:frame presentation:style-name="pr7" draw:text-style-name="P5" draw:layer="backgroundobjects" svg:width="8.242cm" svg:height="1.267cm" svg:x="10.795cm" svg:y="24.129cm" presentation:class="page-number"><draw:text-box><text:p text:style-name="P5"><text:span text:style-name="T3"><text:page-number>&lt;number&gt;</text:page-number></text:span></text:p></draw:text-box></draw:frame></presentation:notes></style:master-page></office:master-styles></office:document-styles>
