<?xml version="1.0" encoding="UTF-8"?>
<office:document-content xmlns:office="urn:oasis:names:tc:opendocument:xmlns:office:1.0" xmlns:style="urn:oasis:names:tc:opendocument:xmlns:style:1.0" xmlns:text="urn:oasis:names:tc:opendocument:xmlns:text:1.0" xmlns:table="urn:oasis:names:tc:opendocument:xmlns:table:1.0" xmlns:draw="urn:oasis:names:tc:opendocument:xmlns:drawing:1.0" xmlns:fo="urn:oasis:names:tc:opendocument:xmlns:xsl-fo-compatible:1.0" xmlns:xlink="http://www.w3.org/1999/xlink" xmlns:dc="http://purl.org/dc/elements/1.1/" xmlns:meta="urn:oasis:names:tc:opendocument:xmlns:meta:1.0" xmlns:number="urn:oasis:names:tc:opendocument:xmlns:datastyle:1.0" xmlns:presentation="urn:oasis:names:tc:opendocument:xmlns:presentation:1.0" xmlns:svg="urn:oasis:names:tc:opendocument:xmlns:svg-compatible:1.0" xmlns:chart="urn:oasis:names:tc:opendocument:xmlns:chart:1.0" xmlns:dr3d="urn:oasis:names:tc:opendocument:xmlns:dr3d:1.0" xmlns:math="http://www.w3.org/1998/Math/MathML" xmlns:form="urn:oasis:names:tc:opendocument:xmlns:form:1.0" xmlns:script="urn:oasis:names:tc:opendocument:xmlns:script:1.0" xmlns:ooo="http://openoffice.org/2004/office" xmlns:ooow="http://openoffice.org/2004/writer" xmlns:oooc="http://openoffice.org/2004/calc" xmlns:dom="http://www.w3.org/2001/xml-events" xmlns:xforms="http://www.w3.org/2002/xforms" xmlns:xsd="http://www.w3.org/2001/XMLSchema" xmlns:xsi="http://www.w3.org/2001/XMLSchema-instance" xmlns:smil="urn:oasis:names:tc:opendocument:xmlns:smil-compatible:1.0" xmlns:anim="urn:oasis:names:tc:opendocument:xmlns:animation:1.0" office:version="1.0"><office:scripts/><office:automatic-styles><style:style style:name="dp1" style:family="drawing-page"><style:drawing-page-properties presentation:background-visible="true" presentation:background-objects-visible="true" presentation:display-footer="true" presentation:display-page-number="false" presentation:display-date-time="true"/></style:style><style:style style:name="dp2" style:family="drawing-page"><style:drawing-page-properties presentation:display-header="true" presentation:display-footer="true" presentation:display-page-number="false" presentation:display-date-time="true"/></style:style><style:style style:name="gr1" style:family="graphic" style:parent-style-name="standard"><style:graphic-properties draw:stroke="none" svg:stroke-color="#000000" draw:fill="none" draw:fill-color="#ffffff" draw:auto-grow-height="true" draw:auto-grow-width="false" fo:max-height="0cm" fo:min-height="0cm"/></style:style><style:style style:name="gr2" style:family="graphic" style:parent-style-name="standard"><style:graphic-properties draw:stroke="none" draw:fill="none" draw:textarea-horizontal-align="center" draw:textarea-vertical-align="middle" draw:color-mode="standard" draw:luminance="0%" draw:contrast="0%" draw:gamma="100%" draw:red="0%" draw:green="0%" draw:blue="0%" fo:clip="rect(0cm 0cm 0cm 0cm)" draw:image-opacity="100%" style:mirror="none"/></style:style><style:style style:name="gr3" style:family="graphic"><style:graphic-properties style:protect="size"/></style:style><style:style style:name="gr4" style:family="graphic" style:parent-style-name="standard"><style:graphic-properties draw:stroke="none" draw:fill="none" draw:fill-color="#ffffff" fo:min-height="0.952cm"/></style:style><style:style style:name="pr1" style:family="presentation" style:parent-style-name="Default-notes"><style:graphic-properties draw:fill-color="#ffffff" draw:auto-grow-height="true" fo:min-height="12.573cm"/></style:style><style:style style:name="P1" style:family="paragraph"><style:paragraph-properties fo:margin-left="0cm" fo:margin-right="0cm" fo:text-align="center" fo:text-indent="0cm"/><style:text-properties fo:color="#d9d9d9" fo:font-family="&apos;Lucida Sans Unicode&apos;" style:font-family-generic="swiss" style:font-pitch="variable" fo:font-size="28pt"/></style:style><style:style style:name="P2" style:family="paragraph"><style:paragraph-properties fo:text-align="center"/></style:style><style:style style:name="P3" style:family="paragraph"><style:paragraph-properties fo:margin-left="0.6cm" fo:margin-right="0cm" fo:text-indent="-0.6cm"/></style:style><style:style style:name="P4" style:family="paragraph"><style:paragraph-properties fo:margin-left="0cm" fo:margin-right="0cm" fo:text-align="center" fo:text-indent="0cm"/><style:text-properties fo:color="#d9d9d9" fo:font-family="&apos;Lucida Sans Unicode&apos;" style:font-family-generic="swiss" style:font-pitch="variable" fo:font-size="60pt"/></style:style><style:style style:name="P5" style:family="paragraph"><style:paragraph-properties fo:margin-left="0.6cm" fo:margin-right="0cm" fo:text-indent="-0.6cm"/><style:text-properties fo:font-size="20pt"/></style:style><style:style style:name="P6" style:family="paragraph"><style:paragraph-properties fo:margin-left="0cm" fo:margin-right="0cm" fo:text-align="start" fo:text-indent="0cm"/><style:text-properties fo:font-size="48pt"/></style:style><style:style style:name="T1" style:family="text"><style:text-properties fo:color="#d9d9d9" fo:font-family="&apos;Lucida Sans Unicode&apos;" style:font-family-generic="swiss" style:font-pitch="variable" fo:font-size="28pt"/></style:style><style:style style:name="T2" style:family="text"><style:text-properties fo:color="#d9d9d9" fo:font-family="&apos;Lucida Sans Unicode&apos;" style:font-family-generic="swiss" style:font-pitch="variable" fo:font-size="60pt"/></style:style><style:style style:name="T3" style:family="text"><style:text-properties fo:color="#d9d9d9" fo:font-family="&apos;Courier New&apos;" style:font-family-generic="modern" style:font-pitch="fixed" fo:font-size="48pt" fo:font-weight="bold"/></style:style><text:list-style style:name="L1"><text:list-level-style-bullet text:level="1" text:bullet-char="●"><style:text-properties fo:font-family="StarSymbol" style:use-window-font-color="true" fo:font-size="45%"/></text:list-level-style-bullet><text:list-level-style-bullet text:level="2" text:bullet-char="●"><style:list-level-properties text:space-before="0.6cm" text:min-label-width="0.6cm"/><style:text-properties fo:font-family="StarSymbol" style:use-window-font-color="true" fo:font-size="45%"/></text:list-level-style-bullet><text:list-level-style-bullet text:level="3" text:bullet-char="●"><style:list-level-properties text:space-before="1.2cm" text:min-label-width="0.6cm"/><style:text-properties fo:font-family="StarSymbol" style:use-window-font-color="true" fo:font-size="45%"/></text:list-level-style-bullet><text:list-level-style-bullet text:level="4" text:bullet-char="●"><style:list-level-properties text:space-before="1.8cm" text:min-label-width="0.6cm"/><style:text-properties fo:font-family="StarSymbol" style:use-window-font-color="true" fo:font-size="45%"/></text:list-level-style-bullet><text:list-level-style-bullet text:level="5" text:bullet-char="●"><style:list-level-properties text:space-before="2.4cm" text:min-label-width="0.6cm"/><style:text-properties fo:font-family="StarSymbol" style:use-window-font-color="true" fo:font-size="45%"/></text:list-level-style-bullet><text:list-level-style-bullet text:level="6" text:bullet-char="●"><style:list-level-properties text:space-before="3cm" text:min-label-width="0.6cm"/><style:text-properties fo:font-family="StarSymbol" style:use-window-font-color="true" fo:font-size="45%"/></text:list-level-style-bullet><text:list-level-style-bullet text:level="7" text:bullet-char="●"><style:list-level-properties text:space-before="3.6cm" text:min-label-width="0.6cm"/><style:text-properties fo:font-family="StarSymbol" style:use-window-font-color="true" fo:font-size="45%"/></text:list-level-style-bullet><text:list-level-style-bullet text:level="8" text:bullet-char="●"><style:list-level-properties text:space-before="4.2cm" text:min-label-width="0.6cm"/><style:text-properties fo:font-family="StarSymbol" style:use-window-font-color="true" fo:font-size="45%"/></text:list-level-style-bullet><text:list-level-style-bullet text:level="9" text:bullet-char="●"><style:list-level-properties text:space-before="4.8cm" text:min-label-width="0.6cm"/><style:text-properties fo:font-family="StarSymbol" style:use-window-font-color="true" fo:font-size="45%"/></text:list-level-style-bullet><text:list-level-style-bullet text:level="10" text:bullet-char="●"><style:list-level-properties text:space-before="5.4cm" text:min-label-width="0.6cm"/><style:text-properties fo:font-family="StarSymbol" style:use-window-font-color="true" fo:font-size="45%"/></text:list-level-style-bullet></text:list-style></office:automatic-styles><office:body><office:presentation><draw:page draw:name="page1" draw:style-name="dp1" draw:master-page-name="Default"><office:forms form:automatic-focus="false" form:apply-design-mode="false"/><draw:frame draw:style-name="gr1" draw:text-style-name="P1" draw:layer="layout" svg:width="19.258cm" svg:height="1.449cm" svg:x="4.371cm" svg:y="11.649cm"><draw:text-box><text:p text:style-name="P1"><text:span text:style-name="T1">aaron gustafson</text:span></text:p></draw:text-box></draw:frame><draw:frame draw:style-name="gr2" draw:text-style-name="P2" draw:layer="layout" svg:width="6.349cm" svg:height="3.433cm" svg:x="10.827cm" svg:y="7.585cm"><draw:image xlink:href="Pictures/100002010000014B000000B3B7352787.png" xlink:type="simple" xlink:show="embed" xlink:actuate="onLoad"><text:p/></draw:image></draw:frame><presentation:notes draw:style-name="dp2"><office:forms form:automatic-focus="false" form:apply-design-mode="false"/><draw:page-thumbnail draw:style-name="gr3" draw:layer="layout" svg:width="13.968cm" svg:height="10.476cm" svg:x="3.81cm" svg:y="2.123cm" draw:page-number="1" presentation:class="page"/><draw:frame presentation:style-name="pr1" draw:text-style-name="P3" draw:layer="layout" svg:width="17.271cm" svg:height="12.573cm" svg:x="2.159cm" svg:y="13.271cm" presentation:class="notes" presentation:placeholder="true"><draw:text-box/></draw:frame></presentation:notes></draw:page><draw:page draw:name="page2" draw:style-name="dp1" draw:master-page-name="Default"><office:forms form:automatic-focus="false" form:apply-design-mode="false"/><draw:frame draw:style-name="gr1" draw:text-style-name="P4" draw:layer="layout" svg:width="19.258cm" svg:height="3.502cm" svg:x="4.371cm" svg:y="8.749cm"><draw:text-box><text:p text:style-name="P4"><text:span text:style-name="T2">grids are great</text:span></text:p></draw:text-box></draw:frame><presentation:notes draw:style-name="dp2"><office:forms form:automatic-focus="false" form:apply-design-mode="false"/><draw:page-thumbnail draw:style-name="gr3" draw:layer="layout" svg:width="13.968cm" svg:height="10.476cm" svg:x="3.81cm" svg:y="2.123cm" draw:page-number="2" presentation:class="page"/><draw:frame presentation:style-name="pr1" draw:text-style-name="P5" draw:layer="layout" svg:width="17.271cm" svg:height="12.573cm" svg:x="2.159cm" svg:y="13.271cm" presentation:class="notes" presentation:placeholder="true"><draw:text-box/></draw:frame></presentation:notes></draw:page><draw:page draw:name="page3" draw:style-name="dp1" draw:master-page-name="Default"><office:forms form:automatic-focus="false" form:apply-design-mode="false"/><draw:frame draw:style-name="gr1" draw:text-style-name="P4" draw:layer="layout" svg:width="19.258cm" svg:height="6.753cm" svg:x="4.371cm" svg:y="7.124cm"><draw:text-box><text:p text:style-name="P4"><text:span text:style-name="T2">laying out images to grids sucks</text:span></text:p></draw:text-box></draw:frame><presentation:notes draw:style-name="dp2"><office:forms form:automatic-focus="false" form:apply-design-mode="false"/><draw:page-thumbnail draw:style-name="gr3" draw:layer="layout" svg:width="13.968cm" svg:height="10.476cm" svg:x="3.81cm" svg:y="2.123cm" draw:page-number="3" presentation:class="page"/><draw:frame presentation:style-name="pr1" draw:text-style-name="P5" draw:layer="layout" svg:width="17.271cm" svg:height="12.573cm" svg:x="2.159cm" svg:y="13.271cm" presentation:class="notes" presentation:placeholder="true"><draw:text-box/></draw:frame></presentation:notes></draw:page><draw:page draw:name="page4" draw:style-name="dp1" draw:master-page-name="Default"><office:forms form:automatic-focus="false" form:apply-design-mode="false"/><draw:frame draw:style-name="gr4" draw:text-style-name="P6" draw:layer="layout" svg:width="27.439cm" svg:height="2.169cm" svg:x="2.317cm" svg:y="5.581cm"><draw:text-box><text:p text:style-name="P6"><text:span text:style-name="T3">new FigureHandler;</text:span></text:p></draw:text-box></draw:frame><presentation:notes draw:style-name="dp2"><office:forms form:automatic-focus="false" form:apply-design-mode="false"/><draw:page-thumbnail draw:style-name="gr3" draw:layer="layout" svg:width="13.968cm" svg:height="10.476cm" svg:x="3.81cm" svg:y="2.123cm" draw:page-number="4" presentation:class="page"/><draw:frame presentation:style-name="pr1" draw:text-style-name="P5" draw:layer="layout" svg:width="17.271cm" svg:height="12.573cm" svg:x="2.159cm" svg:y="13.271cm" presentation:class="notes" presentation:placeholder="true"><draw:text-box/></draw:frame></presentation:notes></draw:page><draw:page draw:name="page5" draw:style-name="dp1" draw:master-page-name="Default"><office:forms form:automatic-focus="false" form:apply-design-mode="false"/><draw:frame draw:style-name="gr4" draw:text-style-name="P6" draw:layer="layout" svg:width="27.439cm" svg:height="4.087cm" svg:x="2.317cm" svg:y="5.581cm"><draw:text-box><text:p text:style-name="P6"><text:span text:style-name="T3">new FigureHandler(</text:span><text:span text:style-name="T3"><text:line-break/></text:span><text:span text:style-name="T3"> <text:s/>&apos;extras&apos; );</text:span></text:p></draw:text-box></draw:frame><presentation:notes draw:style-name="dp2"><office:forms form:automatic-focus="false" form:apply-design-mode="false"/><draw:page-thumbnail draw:style-name="gr3" draw:layer="layout" svg:width="13.968cm" svg:height="10.476cm" svg:x="3.81cm" svg:y="2.123cm" draw:page-number="5" presentation:class="page"/><draw:frame presentation:style-name="pr1" draw:text-style-name="P5" draw:layer="layout" svg:width="17.271cm" svg:height="12.573cm" svg:x="2.159cm" svg:y="13.271cm" presentation:class="notes" presentation:placeholder="true"><draw:text-box/></draw:frame></presentation:notes></draw:page><draw:page draw:name="page6" draw:style-name="dp1" draw:master-page-name="Default"><office:forms form:automatic-focus="false" form:apply-design-mode="false"/><draw:frame draw:style-name="gr4" draw:text-style-name="P6" draw:layer="layout" svg:width="27.439cm" svg:height="9.841cm" svg:x="2.316cm" svg:y="5.58cm"><draw:text-box><text:p text:style-name="P6"><text:span text:style-name="T3">new FigureHandler(</text:span><text:span text:style-name="T3"><text:line-break/></text:span><text:span text:style-name="T3"> <text:s/>&apos;extras&apos;,</text:span><text:span text:style-name="T3"><text:line-break/></text:span><text:span text:style-name="T3"> <text:s/>{ &apos;0-50&apos;: &apos;potato&apos;,</text:span><text:span text:style-name="T3"><text:line-break/></text:span><text:span text:style-name="T3"> <text:s text:c="3"/>&apos;50-100&apos;: &apos;tomato&apos;</text:span><text:span text:style-name="T3"><text:line-break/></text:span><text:span text:style-name="T3"> <text:s/>} );</text:span></text:p></draw:text-box></draw:frame><presentation:notes draw:style-name="dp2"><office:forms form:automatic-focus="false" form:apply-design-mode="false"/><draw:page-thumbnail draw:style-name="gr3" draw:layer="layout" svg:width="13.968cm" svg:height="10.476cm" svg:x="3.81cm" svg:y="2.123cm" draw:page-number="6" presentation:class="page"/><draw:frame presentation:style-name="pr1" draw:text-style-name="P5" draw:layer="layout" svg:width="17.271cm" svg:height="12.573cm" svg:x="2.159cm" svg:y="13.271cm" presentation:class="notes" presentation:placeholder="true"><draw:text-box/></draw:frame></presentation:notes></draw:page><draw:page draw:name="page7" draw:style-name="dp1" draw:master-page-name="Default"><office:forms form:automatic-focus="false" form:apply-design-mode="false"/><draw:frame draw:style-name="gr1" draw:text-style-name="P4" draw:layer="layout" svg:width="19.258cm" svg:height="3.502cm" svg:x="4.371cm" svg:y="8.749cm"><draw:text-box><text:p text:style-name="P4"><text:span text:style-name="T2">required markup</text:span></text:p></draw:text-box></draw:frame><presentation:notes draw:style-name="dp2"><office:forms form:automatic-focus="false" form:apply-design-mode="false"/><draw:page-thumbnail draw:style-name="gr3" draw:layer="layout" svg:width="13.968cm" svg:height="10.476cm" svg:x="3.81cm" svg:y="2.123cm" draw:page-number="7" presentation:class="page"/><draw:frame presentation:style-name="pr1" draw:text-style-name="P5" draw:layer="layout" svg:width="17.271cm" svg:height="12.573cm" svg:x="2.159cm" svg:y="13.271cm" presentation:class="notes" presentation:placeholder="true"><draw:text-box/></draw:frame></presentation:notes></draw:page><draw:page draw:name="page8" draw:style-name="dp1" draw:master-page-name="Default"><office:forms form:automatic-focus="false" form:apply-design-mode="false"/><draw:frame draw:style-name="gr1" draw:text-style-name="P4" draw:layer="layout" svg:width="19.258cm" svg:height="10.004cm" svg:x="4.371cm" svg:y="5.498cm"><draw:text-box><text:p text:style-name="P4"><text:span text:style-name="T2">a potential microformat for figures</text:span></text:p></draw:text-box></draw:frame><presentation:notes draw:style-name="dp2"><office:forms form:automatic-focus="false" form:apply-design-mode="false"/><draw:page-thumbnail draw:style-name="gr3" draw:layer="layout" svg:width="13.968cm" svg:height="10.476cm" svg:x="3.81cm" svg:y="2.123cm" draw:page-number="8" presentation:class="page"/><draw:frame presentation:style-name="pr1" draw:text-style-name="P5" draw:layer="layout" svg:width="17.271cm" svg:height="12.573cm" svg:x="2.159cm" svg:y="13.271cm" presentation:class="notes" presentation:placeholder="true"><draw:text-box/></draw:frame></presentation:notes></draw:page><draw:page draw:name="page9" draw:style-name="dp1" draw:master-page-name="Default"><office:forms form:automatic-focus="false" form:apply-design-mode="false"/><draw:frame draw:style-name="gr4" draw:text-style-name="P6" draw:layer="layout" svg:width="27.439cm" svg:height="7.923cm" svg:x="0.56cm" svg:y="6.539cm"><draw:text-box><text:p text:style-name="P6"><text:span text:style-name="T3">&lt;div class=&quot;figure&quot;&gt;</text:span><text:span text:style-name="T3"><text:line-break/></text:span><text:span text:style-name="T3"> <text:s/>&lt;img src=&quot;img.gif&quot;</text:span><text:span text:style-name="T3"><text:line-break/></text:span><text:span text:style-name="T3"> <text:s text:c="4"/>alt=&quot;&quot; /&gt;</text:span><text:span text:style-name="T3"><text:line-break/></text:span><text:span text:style-name="T3">&lt;/div&gt; <text:s/></text:span></text:p></draw:text-box></draw:frame><presentation:notes draw:style-name="dp2"><office:forms form:automatic-focus="false" form:apply-design-mode="false"/><draw:page-thumbnail draw:style-name="gr3" draw:layer="layout" svg:width="13.968cm" svg:height="10.476cm" svg:x="3.81cm" svg:y="2.123cm" draw:page-number="9" presentation:class="page"/><draw:frame presentation:style-name="pr1" draw:text-style-name="P5" draw:layer="layout" svg:width="17.271cm" svg:height="12.573cm" svg:x="2.159cm" svg:y="13.271cm" presentation:class="notes" presentation:placeholder="true"><draw:text-box/></draw:frame></presentation:notes></draw:page><draw:page draw:name="page10" draw:style-name="dp1" draw:master-page-name="Default"><office:forms form:automatic-focus="false" form:apply-design-mode="false"/><draw:frame draw:style-name="gr1" draw:text-style-name="P4" draw:layer="layout" svg:width="19.258cm" svg:height="3.502cm" svg:x="4.371cm" svg:y="8.749cm"><draw:text-box><text:p text:style-name="P4"><text:span text:style-name="T2"><text:a xlink:href="../default.html">check it out</text:a></text:span></text:p></draw:text-box></draw:frame><presentation:notes draw:style-name="dp2"><office:forms form:automatic-focus="false" form:apply-design-mode="false"/><draw:page-thumbnail draw:style-name="gr3" draw:layer="layout" svg:width="13.968cm" svg:height="10.476cm" svg:x="3.81cm" svg:y="2.123cm" draw:page-number="10" presentation:class="page"/><draw:frame presentation:style-name="pr1" draw:text-style-name="P5" draw:layer="layout" svg:width="17.271cm" svg:height="12.573cm" svg:x="2.159cm" svg:y="13.271cm" presentation:class="notes" presentation:placeholder="true"><draw:text-box/></draw:frame></presentation:notes></draw:page><draw:page draw:name="page11" draw:style-name="dp1" draw:master-page-name="Default"><office:forms form:automatic-focus="false" form:apply-design-mode="false"/><draw:frame draw:style-name="gr1" draw:text-style-name="P4" draw:layer="layout" svg:width="19.258cm" svg:height="6.753cm" svg:x="4.371cm" svg:y="7.124cm"><draw:text-box><text:p text:style-name="P4"><text:span text:style-name="T2">read more at</text:span><text:span text:style-name="T2"><text:line-break/></text:span><text:span text:style-name="T2">A List Apart</text:span></text:p></draw:text-box></draw:frame><presentation:notes draw:style-name="dp2"><office:forms form:automatic-focus="false" form:apply-design-mode="false"/><draw:page-thumbnail draw:style-name="gr3" draw:layer="layout" svg:width="13.968cm" svg:height="10.476cm" svg:x="3.81cm" svg:y="2.123cm" draw:page-number="11" presentation:class="page"/><draw:frame presentation:style-name="pr1" draw:text-style-name="P5" draw:layer="layout" svg:width="17.271cm" svg:height="12.573cm" svg:x="2.159cm" svg:y="13.271cm" presentation:class="notes" presentation:placeholder="true"><draw:text-box/></draw:frame></presentation:notes></draw:page><draw:page draw:name="page12" draw:style-name="dp1" draw:master-page-name="Default"><office:forms form:automatic-focus="false" form:apply-design-mode="false"/><draw:frame draw:style-name="gr1" draw:text-style-name="P4" draw:layer="layout" svg:width="19.258cm" svg:height="3.502cm" svg:x="4.371cm" svg:y="8.749cm"><draw:text-box><text:p text:style-name="P4"><text:span text:style-name="T2">thank you</text:span></text:p></draw:text-box></draw:frame><presentation:notes draw:style-name="dp2"><office:forms form:automatic-focus="false" form:apply-design-mode="false"/><draw:page-thumbnail draw:style-name="gr3" draw:layer="layout" svg:width="13.968cm" svg:height="10.476cm" svg:x="3.81cm" svg:y="2.123cm" draw:page-number="12" presentation:class="page"/><draw:frame presentation:style-name="pr1" draw:text-style-name="P5" draw:layer="layout" svg:width="17.271cm" svg:height="12.573cm" svg:x="2.159cm" svg:y="13.271cm" presentation:class="notes" presentation:placeholder="true"><draw:text-box/></draw:frame></presentation:notes></draw:page><presentation:settings presentation:mouse-visible="false"/></office:presentation></office:body></office:document-content>