<?xml version="1.0" encoding="UTF-8"?>
<office:document-content xmlns:office="urn:oasis:names:tc:opendocument:xmlns:office:1.0" xmlns:style="urn:oasis:names:tc:opendocument:xmlns:style:1.0" xmlns:text="urn:oasis:names:tc:opendocument:xmlns:text:1.0" xmlns:table="urn:oasis:names:tc:opendocument:xmlns:table:1.0" xmlns:draw="urn:oasis:names:tc:opendocument:xmlns:drawing:1.0" xmlns:fo="urn:oasis:names:tc:opendocument:xmlns:xsl-fo-compatible:1.0" xmlns:xlink="http://www.w3.org/1999/xlink" xmlns:dc="http://purl.org/dc/elements/1.1/" xmlns:meta="urn:oasis:names:tc:opendocument:xmlns:meta:1.0" xmlns:number="urn:oasis:names:tc:opendocument:xmlns:datastyle:1.0" xmlns:presentation="urn:oasis:names:tc:opendocument:xmlns:presentation:1.0" xmlns:svg="urn:oasis:names:tc:opendocument:xmlns:svg-compatible:1.0" xmlns:chart="urn:oasis:names:tc:opendocument:xmlns:chart:1.0" xmlns:dr3d="urn:oasis:names:tc:opendocument:xmlns:dr3d:1.0" xmlns:math="http://www.w3.org/1998/Math/MathML" xmlns:form="urn:oasis:names:tc:opendocument:xmlns:form:1.0" xmlns:script="urn:oasis:names:tc:opendocument:xmlns:script:1.0" xmlns:ooo="http://openoffice.org/2004/office" xmlns:ooow="http://openoffice.org/2004/writer" xmlns:oooc="http://openoffice.org/2004/calc" xmlns:dom="http://www.w3.org/2001/xml-events" xmlns:xforms="http://www.w3.org/2002/xforms" xmlns:xsd="http://www.w3.org/2001/XMLSchema" xmlns:xsi="http://www.w3.org/2001/XMLSchema-instance" xmlns:smil="urn:oasis:names:tc:opendocument:xmlns:smil-compatible:1.0" xmlns:anim="urn:oasis:names:tc:opendocument:xmlns:animation:1.0" office:version="1.0"><office:scripts/><office:automatic-styles><style:style style:name="dp1" style:family="drawing-page"><style:drawing-page-properties presentation:transition-speed="fast" presentation:background-visible="true" presentation:background-objects-visible="true" presentation:display-footer="true" presentation:display-page-number="false" presentation:display-date-time="true" smil:type="fade" smil:subtype="crossfade" smil:fadeColor="#000000"/></style:style><style:style style:name="dp2" style:family="drawing-page"><style:drawing-page-properties presentation:display-header="true" presentation:display-footer="true" presentation:display-page-number="false" presentation:display-date-time="true"/></style:style><style:style style:name="gr1" style:family="graphic" style:parent-style-name="standard"><style:graphic-properties draw:stroke="none" draw:fill="none" draw:textarea-horizontal-align="center" draw:textarea-vertical-align="middle" draw:color-mode="standard" draw:luminance="0%" draw:contrast="0%" draw:gamma="100%" draw:red="0%" draw:green="0%" draw:blue="0%" fo:clip="rect(0cm 0cm 0cm 0cm)" draw:image-opacity="100%" style:mirror="none"/></style:style><style:style style:name="gr2" style:family="graphic"><style:graphic-properties style:protect="size"/></style:style><style:style style:name="gr3" style:family="graphic" style:parent-style-name="standard"><style:graphic-properties draw:stroke="none" svg:stroke-color="#000000" draw:fill="none" draw:fill-color="#ffffff" draw:textarea-horizontal-align="left" draw:auto-grow-height="true" draw:auto-grow-width="true" fo:min-height="0cm" fo:min-width="0cm"/></style:style><style:style style:name="pr1" style:family="presentation" style:parent-style-name="Default-notes"><style:graphic-properties draw:fill-color="#ffffff" draw:auto-grow-height="true" fo:min-height="12.573cm"/></style:style><style:style style:name="pr2" style:family="presentation" style:parent-style-name="Default-notes"><style:graphic-properties draw:fill-color="#ffffff" fo:min-height="12.322cm"/></style:style><style:style style:name="P1" style:family="paragraph"><style:paragraph-properties fo:text-align="center"/></style:style><style:style style:name="P2" style:family="paragraph"><style:paragraph-properties fo:margin-left="0.6cm" fo:margin-right="0cm" fo:text-indent="-0.6cm"/></style:style><style:style style:name="P3" style:family="paragraph"><style:paragraph-properties fo:margin-left="0cm" fo:margin-right="0cm" fo:text-indent="0cm"/></style:style><text:list-style style:name="L1"><text:list-level-style-bullet text:level="1" text:bullet-char="●"><style:text-properties fo:font-family="StarSymbol" style:use-window-font-color="true" fo:font-size="45%"/></text:list-level-style-bullet><text:list-level-style-bullet text:level="2" text:bullet-char="●"><style:list-level-properties text:space-before="0.6cm" text:min-label-width="0.6cm"/><style:text-properties fo:font-family="StarSymbol" style:use-window-font-color="true" fo:font-size="45%"/></text:list-level-style-bullet><text:list-level-style-bullet text:level="3" text:bullet-char="●"><style:list-level-properties text:space-before="1.2cm" text:min-label-width="0.6cm"/><style:text-properties fo:font-family="StarSymbol" style:use-window-font-color="true" fo:font-size="45%"/></text:list-level-style-bullet><text:list-level-style-bullet text:level="4" text:bullet-char="●"><style:list-level-properties text:space-before="1.8cm" text:min-label-width="0.6cm"/><style:text-properties fo:font-family="StarSymbol" style:use-window-font-color="true" fo:font-size="45%"/></text:list-level-style-bullet><text:list-level-style-bullet text:level="5" text:bullet-char="●"><style:list-level-properties text:space-before="2.4cm" text:min-label-width="0.6cm"/><style:text-properties fo:font-family="StarSymbol" style:use-window-font-color="true" fo:font-size="45%"/></text:list-level-style-bullet><text:list-level-style-bullet text:level="6" text:bullet-char="●"><style:list-level-properties text:space-before="3cm" text:min-label-width="0.6cm"/><style:text-properties fo:font-family="StarSymbol" style:use-window-font-color="true" fo:font-size="45%"/></text:list-level-style-bullet><text:list-level-style-bullet text:level="7" text:bullet-char="●"><style:list-level-properties text:space-before="3.6cm" text:min-label-width="0.6cm"/><style:text-properties fo:font-family="StarSymbol" style:use-window-font-color="true" fo:font-size="45%"/></text:list-level-style-bullet><text:list-level-style-bullet text:level="8" text:bullet-char="●"><style:list-level-properties text:space-before="4.2cm" text:min-label-width="0.6cm"/><style:text-properties fo:font-family="StarSymbol" style:use-window-font-color="true" fo:font-size="45%"/></text:list-level-style-bullet><text:list-level-style-bullet text:level="9" text:bullet-char="●"><style:list-level-properties text:space-before="4.8cm" text:min-label-width="0.6cm"/><style:text-properties fo:font-family="StarSymbol" style:use-window-font-color="true" fo:font-size="45%"/></text:list-level-style-bullet><text:list-level-style-bullet text:level="10" text:bullet-char="●"><style:list-level-properties text:space-before="5.4cm" text:min-label-width="0.6cm"/><style:text-properties fo:font-family="StarSymbol" style:use-window-font-color="true" fo:font-size="45%"/></text:list-level-style-bullet></text:list-style></office:automatic-styles><office:body><office:presentation><draw:page draw:name="page1" draw:style-name="dp1" draw:master-page-name="Default"><office:forms form:automatic-focus="false" form:apply-design-mode="false"/><draw:frame draw:style-name="gr1" draw:text-style-name="P1" draw:layer="layout" svg:width="28cm" svg:height="21cm" svg:x="0cm" svg:y="0cm"><draw:image xlink:href="Pictures/1000000000000400000003000B734820.jpg" xlink:type="simple" xlink:show="embed" xlink:actuate="onLoad"><text:p text:style-name="P3"/></draw:image></draw:frame><presentation:notes draw:style-name="dp2"><draw:page-thumbnail draw:style-name="gr2" draw:layer="layout" svg:width="13.968cm" svg:height="10.476cm" svg:x="3.81cm" svg:y="2.123cm" draw:page-number="1" presentation:class="page"/><draw:frame presentation:style-name="pr1" draw:text-style-name="P2" draw:layer="layout" svg:width="17.271cm" svg:height="12.573cm" svg:x="2.159cm" svg:y="13.271cm" presentation:class="notes" presentation:placeholder="true"><draw:text-box/></draw:frame></presentation:notes></draw:page><draw:page draw:name="page2" draw:style-name="dp1" draw:master-page-name="Default"><office:forms form:automatic-focus="false" form:apply-design-mode="false"/><draw:frame draw:style-name="gr1" draw:text-style-name="P1" draw:layer="layout" svg:width="28cm" svg:height="21cm" svg:x="0cm" svg:y="0.001cm"><draw:image xlink:href="Pictures/100000000000040000000300D06CA7B4.jpg" xlink:type="simple" xlink:show="embed" xlink:actuate="onLoad"><text:p text:style-name="P3"/></draw:image></draw:frame><presentation:notes draw:style-name="dp2"><draw:page-thumbnail draw:style-name="gr2" draw:layer="layout" svg:width="13.968cm" svg:height="10.476cm" svg:x="3.81cm" svg:y="2.123cm" draw:page-number="2" presentation:class="page"/><draw:frame presentation:style-name="pr2" draw:text-style-name="P2" draw:layer="layout" svg:width="17.271cm" svg:height="12.322cm" svg:x="2.159cm" svg:y="13.271cm" presentation:class="notes" presentation:placeholder="true"><draw:text-box/></draw:frame></presentation:notes></draw:page><draw:page draw:name="page3" draw:style-name="dp1" draw:master-page-name="Default"><office:forms form:automatic-focus="false" form:apply-design-mode="false"/><draw:frame draw:style-name="gr1" draw:text-style-name="P1" draw:layer="layout" svg:width="28cm" svg:height="21cm" svg:x="0cm" svg:y="0.001cm"><draw:image xlink:href="Pictures/10000000000004000000030063F03D40.jpg" xlink:type="simple" xlink:show="embed" xlink:actuate="onLoad"><text:p text:style-name="P3"/></draw:image></draw:frame><presentation:notes draw:style-name="dp2"><draw:page-thumbnail draw:style-name="gr2" draw:layer="layout" svg:width="13.968cm" svg:height="10.476cm" svg:x="3.81cm" svg:y="2.123cm" draw:page-number="3" presentation:class="page"/><draw:frame presentation:style-name="pr2" draw:text-style-name="P2" draw:layer="layout" svg:width="17.271cm" svg:height="12.322cm" svg:x="2.159cm" svg:y="13.271cm" presentation:class="notes" presentation:placeholder="true"><draw:text-box/></draw:frame></presentation:notes></draw:page><draw:page draw:name="page4" draw:style-name="dp1" draw:master-page-name="Default"><office:forms form:automatic-focus="false" form:apply-design-mode="false"/><draw:frame draw:style-name="gr3" draw:layer="layout" svg:width="2.293cm" svg:height="0.963cm" svg:x="10.16cm" svg:y="13.97cm"><draw:text-box><text:p text:style-name="P3">linking</text:p></draw:text-box></draw:frame><draw:frame draw:style-name="gr1" draw:text-style-name="P1" draw:layer="layout" svg:width="28cm" svg:height="20.954cm" svg:x="0cm" svg:y="0.001cm"><draw:image xlink:href="Pictures/1000000000000400000003005BDB0DE1.jpg" xlink:type="simple" xlink:show="embed" xlink:actuate="onLoad"><text:p text:style-name="P3"/></draw:image></draw:frame><presentation:notes draw:style-name="dp2"><draw:page-thumbnail draw:style-name="gr2" draw:layer="layout" svg:width="13.968cm" svg:height="10.476cm" svg:x="3.81cm" svg:y="2.123cm" draw:page-number="4" presentation:class="page"/><draw:frame presentation:style-name="pr2" draw:text-style-name="P2" draw:layer="layout" svg:width="17.271cm" svg:height="12.322cm" svg:x="2.159cm" svg:y="13.271cm" presentation:class="notes" presentation:placeholder="true"><draw:text-box/></draw:frame></presentation:notes></draw:page><draw:page draw:name="page5" draw:style-name="dp1" draw:master-page-name="Default"><office:forms form:automatic-focus="false" form:apply-design-mode="false"/><draw:frame draw:style-name="gr3" draw:layer="layout" svg:width="4.168cm" svg:height="0.963cm" svg:x="12.7cm" svg:y="10.16cm"><draw:text-box><text:p text:style-name="P3">Microformats</text:p></draw:text-box></draw:frame><draw:frame draw:style-name="gr1" draw:text-style-name="P1" draw:layer="layout" svg:width="28cm" svg:height="21cm" svg:x="0cm" svg:y="0cm"><draw:image xlink:href="Pictures/100000000000040000000300E38FDFEF.jpg" xlink:type="simple" xlink:show="embed" xlink:actuate="onLoad"><text:p text:style-name="P3"/></draw:image></draw:frame><presentation:notes draw:style-name="dp2"><draw:page-thumbnail draw:style-name="gr2" draw:layer="layout" svg:width="13.968cm" svg:height="10.476cm" svg:x="3.81cm" svg:y="2.123cm" draw:page-number="5" presentation:class="page"/><draw:frame presentation:style-name="pr2" draw:text-style-name="P2" draw:layer="layout" svg:width="17.271cm" svg:height="12.322cm" svg:x="2.159cm" svg:y="13.271cm" presentation:class="notes" presentation:placeholder="true"><draw:text-box/></draw:frame></presentation:notes></draw:page><draw:page draw:name="page6" draw:style-name="dp1" draw:master-page-name="Default"><office:forms form:automatic-focus="false" form:apply-design-mode="false"/><draw:frame draw:style-name="gr3" draw:layer="layout" svg:width="8.257cm" svg:height="0.963cm" svg:x="12.065cm" svg:y="12.568cm"><draw:text-box><text:p text:style-name="P3">What do you want to know?</text:p></draw:text-box></draw:frame><draw:frame draw:style-name="gr1" draw:text-style-name="P1" draw:layer="layout" svg:width="28cm" svg:height="21cm" svg:x="0cm" svg:y="0cm"><draw:image xlink:href="Pictures/10000000000004000000030027192F5B.jpg" xlink:type="simple" xlink:show="embed" xlink:actuate="onLoad"><text:p text:style-name="P3"/></draw:image></draw:frame><presentation:notes draw:style-name="dp2"><draw:page-thumbnail draw:style-name="gr2" draw:layer="layout" svg:width="13.968cm" svg:height="10.476cm" svg:x="3.81cm" svg:y="2.123cm" draw:page-number="6" presentation:class="page"/><draw:frame presentation:style-name="pr2" draw:text-style-name="P2" draw:layer="layout" svg:width="17.271cm" svg:height="12.322cm" svg:x="2.159cm" svg:y="13.271cm" presentation:class="notes" presentation:placeholder="true"><draw:text-box/></draw:frame></presentation:notes></draw:page></office:presentation></office:body></office:document-content>